protein id,location
AT1G33810.1,chloroplast
AT1G50320.1,chloroplast
AT1G78620.2,chloroplast
AT2G16070.1,chloroplast
AT2G28900.1,chloroplast
AT2G31530.1,chloroplast
AT3G06510.1,chloroplast
AT3G06960.1,chloroplast
AT4G25650.1,chloroplast
AT4G36910.1,chloroplast
AT5G16150.1,chloroplast
AT5G17520.1,chloroplast
AT5G46110.3,chloroplast
AT5G54800.1,chloroplast
ATCG01000.1,chloroplast
AT1G01080.2,chloroplast
AT1G01090.1,chloroplast
AT1G01790.1,chloroplast
AT1G02150.1,chloroplast
AT1G02910.1,chloroplast
AT1G03030.1,chloroplast
AT1G03160.1,chloroplast
AT1G03310.1,chloroplast
AT1G03475.1,chloroplast
AT1G03630.1,chloroplast
AT1G04620.1,chloroplast
AT1G04940.1,chloroplast
AT1G05190.1,chloroplast
AT1G06190.5,chloroplast
AT1G06680.1,chloroplast
AT1G06690.1,chloroplast
AT1G06820.1,chloroplast
AT1G07320.1,chloroplast
AT1G07780.3,chloroplast
AT1G08490.1,chloroplast
AT1G08520.1,chloroplast
AT1G08530.1,chloroplast
AT1G08550.1,chloroplast
AT1G08640.1,chloroplast
AT1G09420.2,chloroplast
AT1G09795.1,chloroplast
AT1G09830.1,chloroplast
AT1G10510.1,chloroplast
AT1G10700.1,chloroplast
AT1G10760.1,chloroplast
AT1G10830.1,chloroplast
AT1G11750.1,chloroplast
AT1G11790.1,chloroplast
AT1G12230.2,chloroplast
AT1G12410.1,chloroplast
AT1G12800.1,chloroplast
AT1G12900.5,chloroplast
AT1G13270.1,chloroplast
AT1G14345.1,chloroplast
AT1G15140.1,chloroplast
AT1G15410.1,chloroplast
AT1G15700.1,chloroplast
AT1G15710.1,chloroplast
AT1G15730.1,chloroplast
AT1G15820.1,chloroplast
AT1G16300.1,chloroplast
AT1G16720.1,chloroplast
AT1G16790.1,chloroplast
AT1G17050.1,chloroplast
AT1G17160.1,chloroplast
AT1G17220.1,chloroplast
AT1G17745.1,chloroplast
AT1G18500.1,chloroplast
AT1G20020.1,chloroplast
AT1G21350.3,chloroplast
AT1G21440.1,chloroplast
AT1G21500.1,chloroplast
AT1G21600.1,chloroplast
AT1G21640.2,chloroplast
AT1G22170.1,chloroplast
AT1G22700.3,chloroplast
AT1G23180.1,chloroplast
AT1G23740.1,chloroplast
AT1G24280.1,chloroplast
AT1G24360.1,chloroplast
AT1G26160.1,chloroplast
AT1G26220.1,chloroplast
AT1G27510.1,chloroplast
AT1G29700.1,chloroplast
AT1G29900.1,chloroplast
AT1G30120.1,chloroplast
AT1G30510.3,chloroplast
AT1G31180.2,chloroplast
AT1G31190.1,chloroplast
AT1G31220.1,chloroplast
AT1G31230.1,chloroplast
AT1G31330.1,chloroplast
AT1G31410.1,chloroplast
AT1G31800.1,chloroplast
AT1G31860.1,chloroplast
AT1G32200.1,chloroplast
AT1G32220.1,chloroplast
AT1G32380.1,chloroplast
AT1G32440.1,chloroplast
AT1G32500.1,chloroplast
AT1G32550.2,chloroplast
AT1G32990.1,chloroplast
AT1G33780.1,chloroplast
AT1G34000.1,chloroplast
AT1G34430.1,chloroplast
AT1G35340.1,chloroplast
AT1G35420.1,chloroplast
AT1G35680.1,chloroplast
AT1G36280.1,chloroplast
AT1G36390.1,chloroplast
AT1G42960.1,chloroplast
AT1G42970.1,chloroplast
AT1G44575.1,chloroplast
AT1G44920.1,chloroplast
AT1G48350.1,chloroplast
AT1G48460.2,chloroplast
AT1G48850.1,chloroplast
AT1G48860.1,chloroplast
AT1G49970.1,chloroplast
AT1G50020.1,chloroplast
AT1G50170.1,chloroplast
AT1G50250.1,chloroplast
AT1G50450.1,chloroplast
AT1G50900.1,chloroplast
AT1G51100.1,chloroplast
AT1G51110.1,chloroplast
AT1G51560.1,chloroplast
AT1G52230.1,chloroplast
AT1G52510.1,chloroplast
AT1G52590.1,chloroplast
AT1G52670.1,chloroplast
AT1G53520.1,chloroplast
AT1G54500.1,chloroplast
AT1G54520.1,chloroplast
AT1G54570.1,chloroplast
AT1G54780.1,chloroplast
AT1G55480.1,chloroplast
AT1G55490.1,chloroplast
AT1G55670.1,chloroplast
AT1G55930.1,chloroplast
AT1G56180.1,chloroplast
AT1G56190.1,chloroplast
AT1G56500.1,chloroplast
AT1G58080.1,chloroplast
AT1G58290.1,chloroplast
AT1G60000.1,chloroplast
AT1G60990.1,chloroplast
AT1G61520.1,chloroplast
AT1G62640.1,chloroplast
AT1G62750.1,chloroplast
AT1G63610.1,chloroplast
AT1G63680.1,chloroplast
AT1G64190.1,chloroplast
AT1G64430.1,chloroplast
AT1G64510.1,chloroplast
AT1G64680.2,chloroplast
AT1G65230.1,chloroplast
AT1G65260.1,chloroplast
AT1G66430.1,chloroplast
AT1G67090.1,chloroplast
AT1G67280.1,chloroplast
AT1G67660.1,chloroplast
AT1G68590.1,chloroplast
AT1G68660.1,chloroplast
AT1G68730.1,chloroplast
AT1G68830.1,chloroplast
AT1G69200.1,chloroplast
AT1G69370.1,chloroplast
AT1G69740.1,chloroplast
AT1G69830.1,chloroplast
AT1G70070.1,chloroplast
AT1G70570.2,chloroplast
AT1G71480.1,chloroplast
AT1G71500.1,chloroplast
AT1G71720.2,chloroplast
AT1G71920.3,chloroplast
AT1G72810.1,chloroplast
AT1G73110.1,chloroplast
AT1G74030.1,chloroplast
AT1G74040.1,chloroplast
AT1G74470.1,chloroplast
AT1G74640.1,chloroplast
AT1G74730.1,chloroplast
AT1G74850.1,chloroplast
AT1G74960.1,chloroplast
AT1G74970.1,chloroplast
AT1G75010.1,chloroplast
AT1G75350.1,chloroplast
AT1G77090.1,chloroplast
AT1G77490.1,chloroplast
AT1G78140.1,chloroplast
AT1G78630.1,chloroplast
AT1G79040.1,chloroplast
AT1G79050.1,chloroplast
AT1G79560.2,chloroplast
AT1G79600.1,chloroplast
AT1G79850.1,chloroplast
AT1G80030.1,chloroplast
AT1G80380.4,chloroplast
AT1G80480.1,chloroplast
AT1G80560.1,chloroplast
AT1G80600.1,chloroplast
AT2G01110.1,chloroplast
AT2G01140.1,chloroplast
AT2G01350.1,chloroplast
AT2G02500.1,chloroplast
AT2G02740.1,chloroplast
AT2G03140.12,chloroplast
AT2G03390.1,chloroplast
AT2G03420.1,chloroplast
AT2G04030.1,chloroplast
AT2G04400.1,chloroplast
AT2G04530.1,chloroplast
AT2G04700.1,chloroplast
AT2G05070.1,chloroplast
AT2G05310.1,chloroplast
AT2G05990.1,chloroplast
AT2G14750.1,chloroplast
AT2G14880.1,chloroplast
AT2G15290.1,chloroplast
AT2G15570.1,chloroplast
AT2G15620.1,chloroplast
AT2G15820.1,chloroplast
AT2G16570.1,chloroplast
AT2G17265.1,chloroplast
AT2G17630.1,chloroplast
AT2G17972.1,chloroplast
AT2G18710.1,chloroplast
AT2G19940.1,chloroplast
AT2G20260.1,chloroplast
AT2G20690.1,chloroplast
AT2G20890.1,chloroplast
AT2G20920.1,chloroplast
AT2G21170.1,chloroplast
AT2G21330.1,chloroplast
AT2G21385.1,chloroplast
AT2G21960.1,chloroplast
AT2G22250.1,chloroplast
AT2G22360.1,chloroplast
AT2G22450.1,chloroplast
AT2G22480.1,chloroplast
AT2G22910.1,chloroplast
AT2G23670.1,chloroplast
AT2G24020.1,chloroplast
AT2G25080.1,chloroplast
AT2G26670.1,chloroplast
AT2G26930.1,chloroplast
AT2G27290.1,chloroplast
AT2G27680.1,chloroplast
AT2G28000.1,chloroplast
AT2G28800.4,chloroplast
AT2G29650.1,chloroplast
AT2G29690.1,chloroplast
AT2G30170.1,chloroplast
AT2G30200.1,chloroplast
AT2G30390.1,chloroplast
AT2G30950.4,chloroplast
AT2G31810.1,chloroplast
AT2G32480.1,chloroplast
AT2G32640.1,chloroplast
AT2G33430.1,chloroplast
AT2G33800.1,chloroplast
AT2G34460.1,chloroplast
AT2G34590.1,chloroplast
AT2G34640.1,chloroplast
AT2G35040.2,chloroplast
AT2G35410.1,chloroplast
AT2G35490.1,chloroplast
AT2G35500.1,chloroplast
AT2G35800.1,chloroplast
AT2G36145.1,chloroplast
AT2G36250.4,chloroplast
AT2G36390.1,chloroplast
AT2G37220.1,chloroplast
AT2G37240.1,chloroplast
AT2G37500.1,chloroplast
AT2G37660.1,chloroplast
AT2G37690.1,chloroplast
AT2G37860.1,chloroplast
AT2G38040.1,chloroplast
AT2G38270.1,chloroplast
AT2G38550.1,chloroplast
AT2G39670.2,chloroplast
AT2G39730.1,chloroplast
AT2G39930.1,chloroplast
AT2G40490.1,chloroplast
AT2G40690.1,chloroplast
AT2G41040.1,chloroplast
AT2G41220.1,chloroplast
AT2G41680.1,chloroplast
AT2G41950.1,chloroplast
AT2G42130.4,chloroplast
AT2G42220.1,chloroplast
AT2G43030.1,chloroplast
AT2G43090.1,chloroplast
AT2G43180.1,chloroplast
AT2G43560.2,chloroplast
AT2G43710.1,chloroplast
AT2G43750.1,chloroplast
AT2G43945.1,chloroplast
AT2G44040.1,chloroplast
AT2G44050.1,chloroplast
AT2G44530.1,chloroplast
AT2G44650.1,chloroplast
AT2G44870.1,chloroplast
AT2G44920.2,chloroplast
AT2G45290.1,chloroplast
AT2G45300.1,chloroplast
AT2G45440.1,chloroplast
AT2G45770.1,chloroplast
AT2G45990.1,chloroplast
AT2G46910.1,chloroplast
AT2G47450.1,chloroplast
AT2G47840.1,chloroplast
AT2G47940.2,chloroplast
AT2G48070.3,chloroplast
AT2G48120.1,chloroplast
AT3G01060.1,chloroplast
AT3G01120.1,chloroplast
AT3G01180.1,chloroplast
AT3G01480.1,chloroplast
AT3G01510.1,chloroplast
AT3G02450.1,chloroplast
AT3G02630.1,chloroplast
AT3G02900.2,chloroplast
AT3G03630.1,chloroplast
AT3G03710.1,chloroplast
AT3G03890.1,chloroplast
AT3G04260.1,chloroplast
AT3G04340.1,chloroplast
AT3G04790.1,chloroplast
AT3G04870.1,chloroplast
AT3G05020.1,chloroplast
AT3G05625.2,chloroplast
AT3G06350.1,chloroplast
AT3G07630.1,chloroplast
AT3G07670.1,chloroplast
AT3G08640.1,chloroplast
AT3G08740.1,chloroplast
AT3G08940.1,chloroplast
AT3G10050.1,chloroplast
AT3G10130.1,chloroplast
AT3G10230.1,chloroplast
AT3G10350.1,chloroplast
AT3G10670.1,chloroplast
AT3G10840.1,chloroplast
AT3G10940.1,chloroplast
AT3G11170.1,chloroplast
AT3G11630.1,chloroplast
AT3G12080.1,chloroplast
AT3G12345.1,chloroplast
AT3G12780.1,chloroplast
AT3G13070.1,chloroplast
AT3G13120.1,chloroplast
AT3G13470.1,chloroplast
AT3G14110.3,chloroplast
AT3G14390.1,chloroplast
AT3G14930.1,chloroplast
AT3G15110.1,chloroplast
AT3G15360.1,chloroplast
AT3G15520.1,chloroplast
AT3G16000.1,chloroplast
AT3G16950.1,chloroplast
AT3G17040.2,chloroplast
AT3G17170.1,chloroplast
AT3G17810.1,chloroplast
AT3G17930.1,chloroplast
AT3G18270.1,chloroplast
AT3G18680.1,chloroplast
AT3G18890.1,chloroplast
AT3G19180.1,chloroplast
AT3G19480.1,chloroplast
AT3G19490.1,chloroplast
AT3G20330.1,chloroplast
AT3G21110.1,chloroplast
AT3G21200.1,chloroplast
AT3G22960.1,chloroplast
AT3G23070.1,chloroplast
AT3G23400.1,chloroplast
AT3G23700.1,chloroplast
AT3G23940.1,chloroplast
AT3G24190.1,chloroplast
AT3G24430.1,chloroplast
AT3G24590.2,chloroplast
AT3G25480.1,chloroplast
AT3G25680.1,chloroplast
AT3G25760.1,chloroplast
AT3G25860.1,chloroplast
AT3G25920.1,chloroplast
AT3G26060.1,chloroplast
AT3G26070.1,chloroplast
AT3G26080.1,chloroplast
AT3G26580.1,chloroplast
AT3G26650.1,chloroplast
AT3G26710.1,chloroplast
AT3G26840.1,chloroplast
AT3G27110.1,chloroplast
AT3G27160.1,chloroplast
AT3G27740.1,chloroplast
AT3G27850.1,chloroplast
AT3G27925.1,chloroplast
AT3G29185.1,chloroplast
AT3G29320.1,chloroplast
AT3G44880.1,chloroplast
AT3G44890.1,chloroplast
AT3G46780.1,chloroplast
AT3G47060.1,chloroplast
AT3G47470.1,chloroplast
AT3G47520.1,chloroplast
AT3G47860.1,chloroplast
AT3G48420.1,chloroplast
AT3G48560.1,chloroplast
AT3G48870.1,chloroplast
AT3G49680.2,chloroplast
AT3G50820.1,chloroplast
AT3G51510.1,chloroplast
AT3G51820.1,chloroplast
AT3G51870.1,chloroplast
AT3G52150.1,chloroplast
AT3G52170.1,chloroplast
AT3G52180.1,chloroplast
AT3G52380.1,chloroplast
AT3G52750.1,chloroplast
AT3G52960.1,chloroplast
AT3G53130.1,chloroplast
AT3G53460.4,chloroplast
AT3G53470.2,chloroplast
AT3G53580.1,chloroplast
AT3G53700.1,chloroplast
AT3G53900.1,chloroplast
AT3G54050.1,chloroplast
AT3G54210.1,chloroplast
AT3G54640.1,chloroplast
AT3G54890.1,chloroplast
AT3G55010.1,chloroplast
AT3G55250.1,chloroplast
AT3G55330.1,chloroplast
AT3G55760.1,chloroplast
AT3G55800.1,chloroplast
AT3G56090.1,chloroplast
AT3G56130.1,chloroplast
AT3G56140.1,chloroplast
AT3G56650.1,chloroplast
AT3G56910.1,chloroplast
AT3G56940.1,chloroplast
AT3G57050.1,chloroplast
AT3G57180.1,chloroplast
AT3G57280.1,chloroplast
AT3G57560.1,chloroplast
AT3G57610.1,chloroplast
AT3G58010.1,chloroplast
AT3G58610.1,chloroplast
AT3G59780.1,chloroplast
AT3G59870.1,chloroplast
AT3G59890.1,chloroplast
AT3G60370.2,chloroplast
AT3G60620.1,chloroplast
AT3G60750.2,chloroplast
AT3G60880.1,chloroplast
AT3G61470.1,chloroplast
AT3G61870.2,chloroplast
AT3G62030.1,chloroplast
AT3G62910.1,chloroplast
AT3G63140.1,chloroplast
AT3G63190.1,chloroplast
AT3G63490.1,chloroplast
AT3G63540.1,chloroplast
AT4G00030.1,chloroplast
AT4G00490.1,chloroplast
AT4G00620.1,chloroplast
AT4G01037.1,chloroplast
AT4G01050.1,chloroplast
AT4G01150.1,chloroplast
AT4G01310.1,chloroplast
AT4G01690.1,chloroplast
AT4G01800.3,chloroplast
AT4G01900.1,chloroplast
AT4G01940.1,chloroplast
AT4G03280.1,chloroplast
AT4G03520.1,chloroplast
AT4G04020.1,chloroplast
AT4G04350.1,chloroplast
AT4G04640.1,chloroplast
AT4G04770.1,chloroplast
AT4G04850.1,chloroplast
AT4G05390.1,chloroplast
AT4G09010.1,chloroplast
AT4G09020.1,chloroplast
AT4G09040.1,chloroplast
AT4G09650.1,chloroplast
AT4G10000.1,chloroplast
AT4G10300.1,chloroplast
AT4G10340.1,chloroplast
AT4G10750.1,chloroplast
AT4G11960.1,chloroplast
AT4G12060.1,chloroplast
AT4G12800.1,chloroplast
AT4G13050.1,chloroplast
AT4G13200.1,chloroplast
AT4G13220.1,chloroplast
AT4G13430.1,chloroplast
AT4G13550.1,chloroplast
AT4G13590.2,chloroplast
AT4G13670.1,chloroplast
AT4G14210.1,chloroplast
AT4G14870.1,chloroplast
AT4G15110.1,chloroplast
AT4G15510.1,chloroplast
AT4G15560.1,chloroplast
AT4G16155.1,chloroplast
AT4G16390.1,chloroplast
AT4G17040.1,chloroplast
AT4G17600.1,chloroplast
AT4G17740.1,chloroplast
AT4G18240.1,chloroplast
AT4G18440.1,chloroplast
AT4G18480.1,chloroplast
AT4G18810.2,chloroplast
AT4G19390.1,chloroplast
AT4G19710.1,chloroplast
AT4G20130.1,chloroplast
AT4G20360.1,chloroplast
AT4G20960.1,chloroplast
AT4G21280.1,chloroplast
AT4G22240.1,chloroplast
AT4G22890.1,chloroplast
AT4G23100.1,chloroplast
AT4G23890.1,chloroplast
AT4G24280.1,chloroplast
AT4G24620.1,chloroplast
AT4G24750.1,chloroplast
AT4G24830.1,chloroplast
AT4G24930.1,chloroplast
AT4G25080.1,chloroplast
AT4G25370.1,chloroplast
AT4G25450.3,chloroplast
AT4G26500.1,chloroplast
AT4G26900.1,chloroplast
AT4G27070.1,chloroplast
AT4G27440.1,chloroplast
AT4G27700.1,chloroplast
AT4G28590.1,chloroplast
AT4G28660.1,chloroplast
AT4G28730.1,chloroplast
AT4G29060.1,chloroplast
AT4G29840.1,chloroplast
AT4G30580.1,chloroplast
AT4G30690.1,chloroplast
AT4G30720.1,chloroplast
AT4G30910.1,chloroplast
AT4G31390.1,chloroplast
AT4G31530.2,chloroplast
AT4G31990.1,chloroplast
AT4G32590.3,chloroplast
AT4G33460.1,chloroplast
AT4G33500.1,chloroplast
AT4G33510.1,chloroplast
AT4G33580.1,chloroplast
AT4G33680.1,chloroplast
AT4G34240.1,chloroplast
AT4G34350.1,chloroplast
AT4G36530.1,chloroplast
AT4G37510.1,chloroplast
AT4G37920.1,chloroplast
AT4G38380.1,chloroplast
AT5G01600.1,chloroplast
AT5G03900.1,chloroplast
AT5G05200.1,chloroplast
AT5G05730.1,chloroplast
AT5G08650.1,chloroplast
AT5G10160.1,chloroplast
AT5G10920.1,chloroplast
AT5G13410.1,chloroplast
AT5G13720.1,chloroplast
AT5G14320.1,chloroplast
AT5G14910.1,chloroplast
AT5G16660.2,chloroplast
AT5G16710.1,chloroplast
AT5G19940.1,chloroplast
AT5G22510.1,chloroplast
AT5G22630.1,chloroplast
AT5G23120.2,chloroplast
AT5G23440.1,chloroplast
AT5G23890.1,chloroplast
AT5G24490.1,chloroplast
AT5G28500.1,chloroplast
AT5G28750.1,chloroplast
AT5G35100.1,chloroplast
AT5G35170.1,chloroplast
AT5G35970.1,chloroplast
AT5G38520.1,chloroplast
AT5G39830.2,chloroplast
AT5G42650.1,chloroplast
AT5G42765.1,chloroplast
AT5G44650.1,chloroplast
AT5G45170.1,chloroplast
AT5G46290.3,chloroplast
AT5G46390.2,chloroplast
AT5G47860.1,chloroplast
AT5G48960.1,chloroplast
AT5G50250.1,chloroplast
AT5G52410.3,chloroplast
AT5G52540.1,chloroplast
AT5G55220.1,chloroplast
AT5G57040.1,chloroplast
AT5G57850.2,chloroplast
AT5G58250.1,chloroplast
AT5G60600.1,chloroplast
AT5G61670.1,chloroplast
AT5G63060.1,chloroplast
AT5G63890.1,chloroplast
AT5G64040.1,chloroplast
AT5G64940.1,chloroplast
AT5G65220.1,chloroplast
AT5G65250.1,chloroplast
AT5G66090.1,chloroplast
AT5G66120.1,chloroplast
AT5G66530.1,chloroplast
AT5G67030.1,chloroplast
ATCG00330.1,chloroplast
ATCG00340.1,chloroplast
ATCG00350.1,chloroplast
ATCG00380.1,chloroplast
ATCG00470.1,chloroplast
ATCG01120.1,chloroplast
AT1G03130.1,chloroplast
AT1G10960.1,chloroplast
AT1G14810.1,chloroplast
AT1G29930.1,chloroplast
AT1G32060.1,chloroplast
AT1G54580.1,chloroplast
AT2G36885.2,chloroplast
AT2G38140.1,chloroplast
AT2G46820.1,chloroplast
AT3G07430.1,chloroplast
AT3G20230.1,chloroplast
AT3G21140.1,chloroplast
AT3G25770.1,chloroplast
AT3G48730.1,chloroplast
AT3G54090.1,chloroplast
AT3G55040.1,chloroplast
AT4G14680.1,chloroplast
AT4G24770.1,chloroplast
AT5G62720.1,chloroplast
AT1G25290.1,chloroplast
AT1G65410.1,chloroplast
AT3G26570.1,chloroplast
AT4G00370.1,chloroplast
AT5G63040.1,chloroplast
AT5G64580.1,chloroplast
AT1G05620.1,cytosol
AT1G06110.1,cytosol
AT1G06650.1,cytosol
AT1G06900.1,cytosol
AT1G08980.1,cytosol
AT1G12050.1,cytosol
AT1G12780.1,cytosol
AT1G17710.1,cytosol
AT1G17720.1,cytosol
AT1G21100.1,cytosol
AT1G22300.1,cytosol
AT1G22440.1,cytosol
AT1G23140.1,cytosol
AT1G23190.1,cytosol
AT1G23440.1,cytosol
AT1G23820.1,cytosol
AT1G25350.1,cytosol
AT1G27150.1,cytosol
AT1G28350.1,cytosol
AT1G29990.1,cytosol
AT1G37130.1,cytosol
AT1G43670.1,cytosol
AT1G43690.1,cytosol
AT1G49820.1,cytosol
AT1G50110.1,cytosol
AT1G50370.1,cytosol
AT1G50380.2,cytosol
AT1G50480.1,cytosol
AT1G53310.1,cytosol
AT1G53500.1,cytosol
AT1G54100.1,cytosol
AT1G55090.1,cytosol
AT1G55840.1,cytosol
AT1G56700.1,cytosol
AT1G59520.4,cytosol
AT1G59960.1,cytosol
AT1G60420.1,cytosol
AT1G60690.1,cytosol
AT1G60710.1,cytosol
AT1G60730.1,cytosol
AT1G63000.1,cytosol
AT1G65050.1,cytosol
AT1G65930.1,cytosol
AT1G65980.1,cytosol
AT1G68760.1,cytosol
AT1G70980.1,cytosol
AT1G71100.1,cytosol
AT1G71440.1,cytosol
AT1G71697.1,cytosol
AT1G71750.2,cytosol
AT1G72550.1,cytosol
AT1G72680.1,cytosol
AT1G75270.1,cytosol
AT1G76680.1,cytosol
AT1G77120.1,cytosol
AT1G78280.1,cytosol
AT1G78300.1,cytosol
AT1G78570.1,cytosol
AT1G79690.1,cytosol
AT1G80360.1,cytosol
AT1G80460.2,cytosol
AT2G02390.1,cytosol
AT2G03800.1,cytosol
AT2G16060.1,cytosol
AT2G16370.1,cytosol
AT2G16600.1,cytosol
AT2G17280.1,cytosol
AT2G17340.1,cytosol
AT2G18250.1,cytosol
AT2G19570.1,cytosol
AT2G21130.1,cytosol
AT2G21250.1,cytosol
AT2G22240.1,cytosol
AT2G22570.1,cytosol
AT2G24190.1,cytosol
AT2G24200.1,cytosol
AT2G27150.1,cytosol
AT2G27860.1,cytosol
AT2G29420.1,cytosol
AT2G29450.1,cytosol
AT2G29560.1,cytosol
AT2G30140.1,cytosol
AT2G30860.1,cytosol
AT2G30870.1,cytosol
AT2G31390.1,cytosol
AT2G32120.1,cytosol
AT2G35020.1,cytosol
AT2G36460.1,cytosol
AT2G36530.1,cytosol
AT2G37760.1,cytosol
AT2G37790.1,cytosol
AT2G38230.1,cytosol
AT2G38680.1,cytosol
AT2G38740.1,cytosol
AT2G40840.1,cytosol
AT2G41530.1,cytosol
AT2G41740.1,cytosol
AT2G42600.2,cytosol
AT2G43760.1,cytosol
AT2G43790.1,cytosol
AT2G43980.1,cytosol
AT2G44100.1,cytosol
AT2G44160.1,cytosol
AT2G47970.1,cytosol
AT3G01590.1,cytosol
AT3G02870.1,cytosol
AT3G06540.1,cytosol
AT3G06580.1,cytosol
AT3G08590.1,cytosol
AT3G09300.1,cytosol
AT3G09440.1,cytosol
AT3G09820.1,cytosol
AT3G09840.1,cytosol
AT3G09890.1,cytosol
AT3G09970.1,cytosol
AT3G10850.1,cytosol
AT3G11750.1,cytosol
AT3G12600.1,cytosol
AT3G14940.1,cytosol
AT3G15610.1,cytosol
AT3G16520.1,cytosol
AT3G16640.1,cytosol
AT3G16990.1,cytosol
AT3G17365.1,cytosol
AT3G17940.1,cytosol
AT3G18860.1,cytosol
AT3G18940.1,cytosol
AT3G19000.1,cytosol
AT3G19980.1,cytosol
AT3G19990.2,cytosol
AT3G20630.1,cytosol
AT3G21360.1,cytosol
AT3G22850.1,cytosol
AT3G23570.1,cytosol
AT3G23600.1,cytosol
AT3G25230.1,cytosol
AT3G25530.1,cytosol
AT3G28930.1,cytosol
AT3G44310.1,cytosol
AT3G46970.1,cytosol
AT3G47000.1,cytosol
AT3G47560.2,cytosol
AT3G48330.1,cytosol
AT3G48690.1,cytosol
AT3G51000.1,cytosol
AT3G51160.1,cytosol
AT3G51780.1,cytosol
AT3G52340.1,cytosol
AT3G52390.1,cytosol
AT3G53180.1,cytosol
AT3G53880.1,cytosol
AT3G55440.1,cytosol
AT3G59380.1,cytosol
AT3G59970.1,cytosol
AT3G60450.1,cytosol
AT3G62120.3,cytosol
AT4G01897.1,cytosol
AT4G02520.1,cytosol
AT4G02860.1,cytosol
AT4G04040.1,cytosol
AT4G04880.1,cytosol
AT4G09520.1,cytosol
AT4G09570.1,cytosol
AT4G09670.1,cytosol
AT4G10120.1,cytosol
AT4G13780.1,cytosol
AT4G14030.1,cytosol
AT4G14570.1,cytosol
AT4G14880.1,cytosol
AT4G16440.1,cytosol
AT4G16690.1,cytosol
AT4G17190.1,cytosol
AT4G17510.1,cytosol
AT4G17830.2,cytosol
AT4G18930.1,cytosol
AT4G21580.1,cytosol
AT4G22530.1,cytosol
AT4G22720.1,cytosol
AT4G23730.1,cytosol
AT4G24220.1,cytosol
AT4G31180.1,cytosol
AT4G31310.1,cytosol
AT4G33090.1,cytosol
AT4G33670.1,cytosol
AT4G33945.1,cytosol
AT4G34215.1,cytosol
AT4G34270.1,cytosol
AT4G34840.2,cytosol
AT4G34890.1,cytosol
AT4G34920.1,cytosol
AT4G36760.2,cytosol
AT4G37550.3,cytosol
AT4G38370.1,cytosol
AT4G38630.1,cytosol
AT4G38740.1,cytosol
AT4G38800.1,cytosol
AT4G39230.1,cytosol
AT4G39280.1,cytosol
AT4G39800.1,cytosol
AT5G02790.1,cytosol
AT5G03300.1,cytosol
AT5G05920.1,cytosol
AT5G05980.1,cytosol
AT5G06060.1,cytosol
AT5G06450.1,cytosol
AT5G06600.1,cytosol
AT5G07370.1,cytosol
AT5G08160.1,cytosol
AT5G08170.4,cytosol
AT5G09680.3,cytosol
AT5G10240.1,cytosol
AT5G10540.1,cytosol
AT5G10870.1,cytosol
AT5G11340.1,cytosol
AT5G11670.1,cytosol
AT5G12210.1,cytosol
AT5G12320.1,cytosol
AT5G13370.1,cytosol
AT5G13570.1,cytosol
AT5G15770.1,cytosol
AT5G16050.1,cytosol
AT5G16760.1,cytosol
AT5G16970.1,cytosol
AT5G17000.1,cytosol
AT5G17310.2,cytosol
AT5G17330.1,cytosol
AT5G18940.1,cytosol
AT5G19440.1,cytosol
AT5G20400.1,cytosol
AT5G24260.1,cytosol
AT5G27450.1,cytosol
AT5G27470.1,cytosol
AT5G28840.1,cytosol
AT5G28850.1,cytosol
AT5G35700.1,cytosol
AT5G36160.1,cytosol
AT5G37600.1,cytosol
AT5G37830.1,cytosol
AT5G38480.1,cytosol
AT5G38830.1,cytosol
AT5G39050.1,cytosol
AT5G39730.1,cytosol
AT5G42740.1,cytosol
AT5G43830.1,cytosol
AT5G43940.1,cytosol
AT5G45020.1,cytosol
AT5G47770.1,cytosol
AT5G48180.1,cytosol
AT5G48230.1,cytosol
AT5G48840.1,cytosol
AT5G49650.1,cytosol
AT5G49810.1,cytosol
AT5G51830.1,cytosol
AT5G51970.1,cytosol
AT5G52560.1,cytosol
AT5G52640.1,cytosol
AT5G53400.1,cytosol
AT5G56260.1,cytosol
AT5G56600.1,cytosol
AT5G56680.1,cytosol
AT5G57330.1,cytosol
AT5G59420.1,cytosol
AT5G62930.1,cytosol
AT5G63220.1,cytosol
AT5G64370.1,cytosol
AT5G64460.2,cytosol
AT5G47120.1,ER
AT5G35080.1,ER
AT4G37640.1,ER
AT5G42020.3,ER
AT2G32440.1,ER
AT3G51460.1,ER
AT3G54960.1,ER
AT2G01470.1,ER
AT1G67490.1,ER
AT5G48810.1,ER
AT2G03120.1,ER
AT4G34640.1,ER
AT5G08335.1,ER
AT1G27980.1,ER
AT1G08450.1,ER
AT1G09210.1,ER
AT1G21750.1,ER
AT1G56340.1,ER
AT4G24190.1,ER
AT5G60640.1,ER
AT2G47470.1,ER
AT5G28540.1,ER
AT5G61790.1,ER
AT2G32720.1,ER
AT4G14950.1,ER
AT1G11680.1,ER
AT1G76090.1,ER
AT4G31500.1,ER
AT2G30490.1,ER
AT2G40890.1,ER
AT1G27320.1,ER
AT3G07680.1,ER
AT1G21900.1,ER
AT1G61790.1,ER
AT2G31360.1,ER
AT2G16280.1,ER
AT4G21150.1,ER
AT1G26690.1,ER
AT5G50260.1,ER
AT2G43290.1,ER
AT5G47180.1,ER
AT2G43350.1,ER
AT5G63840.2,ER
AT3G13870.1,ER
AT1G44820.1,ER
AT3G52190.1,ER
AT1G02120.1,ER
AT1G04980.1,ER
AT1G08470.1,ER
AT1G08750.1,ER
AT1G09870.1,ER
AT1G11905.1,ER
AT1G12640.1,ER
AT1G13090.2,ER
AT1G14010.1,ER
AT1G15240.2,ER
AT1G18260.1,ER
AT1G19370.1,ER
AT1G20330.1,ER
AT1G20575.1,ER
AT1G22200.1,ER
AT1G27770.1,ER
AT1G33490.1,ER
AT1G35620.1,ER
AT1G36050.1,ER
AT1G43910.1,ER
AT1G47290.1,ER
AT1G48440.1,ER
AT1G50950.1,ER
AT1G51760.1,ER
AT1G52600.1,ER
AT1G54990.1,ER
AT1G55850.1,ER
AT1G56423.1,ER
AT1G60995.1,ER
AT1G61770.1,ER
AT1G63050.1,ER
AT1G69460.1,ER
AT1G71780.1,ER
AT1G72280.1,ER
AT1G73200.1,ER
AT1G73240.1,ER
AT1G75020.1,ER
AT1G75140.1,ER
AT1G77510.1,ER
AT1G79940.4,ER
AT1G80950.1,ER
AT2G01410.1,ER
AT2G03510.1,ER
AT2G04350.1,ER
AT2G16595.1,ER
AT2G18193.1,ER
AT2G24180.1,ER
AT2G32920.1,ER
AT2G33630.1,ER
AT2G36290.1,ER
AT2G38960.3,ER
AT2G39630.1,ER
AT2G39960.1,ER
AT2G45510.1,ER
AT3G01380.2,ER
AT3G02420.1,ER
AT3G03330.1,ER
AT3G03640.1,ER
AT3G07140.2,ER
AT3G07180.1,ER
AT3G14610.1,ER
AT3G14620.1,ER
AT3G15710.1,ER
AT3G16110.1,ER
AT3G19340.1,ER
AT3G20100.1,ER
AT3G22290.1,ER
AT3G25040.1,ER
AT3G26180.1,ER
AT3G26830.1,ER
AT3G28580.2,ER
AT3G45100.1,ER
AT3G48520.1,ER
AT3G48890.1,ER
AT3G50660.1,ER
AT3G51430.1,ER
AT3G51980.1,ER
AT3G55360.1,ER
AT3G57030.1,ER
AT3G57650.1,ER
AT3G62580.1,ER
AT3G62600.1,ER
AT4G00900.1,ER
AT4G01040.1,ER
AT4G09580.1,ER
AT4G11800.1,ER
AT4G12110.1,ER
AT4G12300.1,ER
AT4G16660.2,ER
AT4G21180.1,ER
AT4G21570.1,ER
AT4G22710.1,ER
AT4G28570.1,ER
AT4G29520.1,ER
AT4G30210.3,ER
AT4G32130.1,ER
AT4G33360.1,ER
AT4G36480.1,ER
AT4G37310.1,ER
AT4G37330.1,ER
AT4G37370.1,ER
AT4G38220.2,ER
AT5G03160.1,ER
AT5G07340.2,ER
AT5G08580.1,ER
AT5G11560.1,ER
AT5G14030.1,ER
AT5G16910.1,ER
AT5G19130.2,ER
AT5G19690.1,ER
AT5G22020.1,ER
AT5G23575.1,ER
AT5G23630.1,ER
AT5G39580.1,ER
AT5G42570.1,ER
AT5G45160.1,ER
AT5G46560.1,ER
AT5G47420.1,ER
AT5G49945.1,ER
AT5G52240.1,ER
AT5G55940.1,ER
AT5G56360.1,ER
AT5G56660.1,ER
AT5G57480.1,ER
AT5G57655.2,ER
AT5G58060.2,ER
AT5G59960.1,ER
AT5G60620.1,ER
AT5G66680.1,ER
AT3G62360.2,ER
AT1G76400.1,ER
AT2G29960.1,ER
AT2G24420.1,ER
AT5G20660.1,ER
AT3G44330.1,ER
AT4G31340.1,ER
AT1G34130.1,ER
AT5G58100.1,ER
AT4G24330.1,ER
AT4G30090.1,ER
AT5G35570.1,ER
AT3G51050.1,ER
AT1G70770.1,ER
AT1G05720.1,Golgi
AT1G07230.1,Golgi
AT1G15020.1,Golgi
AT1G29060.1,Golgi
AT1G29310.1,Golgi
AT1G52420.1,Golgi
AT1G65820.3,Golgi
AT2G01070.1,Golgi
AT2G17720.1,Golgi
AT2G20130.1,Golgi
AT2G20810.1,Golgi
AT2G47320.1,Golgi
AT3G09090.1,Golgi
AT3G48280.1,Golgi
AT4G24530.1,Golgi
AT5G06660.1,Golgi
AT5G18900.1,Golgi
AT5G27330.1,Golgi
AT5G65470.1,Golgi
AT2G15240.1,Golgi
AT4G11090.1,Golgi
AT4G17430.1,Golgi
AT4G31350.1,Golgi
AT4G36790.1,Golgi
AT1G13000.1,Golgi
AT1G21370.1,Golgi
AT1G67410.1,Golgi
AT1G71990.1,Golgi
AT1G72480.1,Golgi
AT2G19600.1,Golgi
AT2G38840.1,Golgi
AT3G06550.1,Golgi
AT3G08550.1,Golgi
AT3G11030.1,Golgi
AT4G01220.1,Golgi
AT4G16695.3,Golgi
AT4G25870.1,Golgi
AT4G28320.1,Golgi
AT4G36660.1,Golgi
AT5G01710.1,Golgi
AT5G18850.1,Golgi
AT5G51640.1,Golgi
AT4G30996.1,Golgi
AT5G22740.1,Golgi
AT1G78920.1,Golgi
AT1G30620.1,Golgi
AT4G38240.1,Golgi
AT5G55500.1,Golgi
AT5G19980.1,Golgi
AT2G20370.1,Golgi
AT2G28110.1,Golgi
AT1G79820.1,Golgi
AT3G55830.1,Golgi
AT4G33410.1,Golgi
AT2G03220.1,Golgi
AT3G62720.1,Golgi
AT5G65810.1,Golgi
AT4G00750.1,Golgi
AT2G38650.1,Golgi
AT3G61130.1,Golgi
AT1G27200.1,Golgi
AT3G23820.1,Golgi
AT4G27720.1,Golgi
AT4G30440.1,Golgi
AT4G33910.1,Golgi
AT5G36290.1,Golgi
AT5G58970.1,Golgi
AT3G04080.1,Golgi
AT1G10950.1,Golgi
AT1G14670.1,Golgi
AT2G24170.1,Golgi
AT1G77130.1,Golgi
AT5G18480.1,Golgi
AT4G31600.1,Golgi
AT4G28370.1,Golgi
AT1G04430.1,Golgi
AT1G04910.1,Golgi
AT1G06890.1,Golgi
AT1G08030.1,Golgi
AT1G08040.3,Golgi
AT1G08660.1,Golgi
AT1G11940.1,Golgi
AT1G19360.1,Golgi
AT1G19430.1,Golgi
AT1G19710.1,Golgi
AT1G21480.1,Golgi
AT1G26850.1,Golgi
AT1G26940.1,Golgi
AT1G27600.1,Golgi
AT1G27930.1,Golgi
AT1G29470.1,Golgi
AT1G29790.1,Golgi
AT1G31850.1,Golgi
AT1G48230.2,Golgi
AT1G49710.1,Golgi
AT1G51540.1,Golgi
AT1G51590.1,Golgi
AT1G51630.1,Golgi
AT1G53710.1,Golgi
AT1G55130.1,Golgi
AT1G62305.1,Golgi
AT1G62330.1,Golgi
AT1G63420.1,Golgi
AT1G64385.1,Golgi
AT1G64650.1,Golgi
AT1G71070.1,Golgi
AT1G74380.1,Golgi
AT1G74800.1,Golgi
AT1G75420.3,Golgi
AT1G76270.1,Golgi
AT1G78240.1,Golgi
AT2G01270.1,Golgi
AT2G01970.1,Golgi
AT2G03480.1,Golgi
AT2G04280.1,Golgi
AT2G14255.1,Golgi
AT2G14530.1,Golgi
AT2G15730.1,Golgi
AT2G19950.1,Golgi
AT2G22795.2,Golgi
AT2G22900.1,Golgi
AT2G23310.2,Golgi
AT2G25520.1,Golgi
AT2G26100.1,Golgi
AT2G26680.1,Golgi
AT2G28310.1,Golgi
AT2G32580.2,Golgi
AT2G34300.1,Golgi
AT2G35100.1,Golgi
AT3G01720.1,Golgi
AT3G02350.1,Golgi
AT3G03810.1,Golgi
AT3G06550.2,Golgi
AT3G07330.1,Golgi
AT3G07950.1,Golgi
AT3G13772.1,Golgi
AT3G16200.1,Golgi
AT3G17430.1,Golgi
AT3G21160.1,Golgi
AT3G21190.1,Golgi
AT3G23300.1,Golgi
AT3G24040.1,Golgi
AT3G25140.1,Golgi
AT3G26370.1,Golgi
AT3G26440.1,Golgi
AT3G27220.1,Golgi
AT3G27230.1,Golgi
AT3G28150.1,Golgi
AT3G28180.1,Golgi
AT3G30300.1,Golgi
AT3G48820.1,Golgi
AT3G49720.1,Golgi
AT3G49780.1,Golgi
AT3G51580.2,Golgi
AT3G53520.4,Golgi
AT3G55920.1,Golgi
AT3G56750.1,Golgi
AT3G56820.1,Golgi
AT3G61480.2,Golgi
AT3G62830.1,Golgi
AT3G66654.1,Golgi
AT4G00740.1,Golgi
AT4G01210.1,Golgi
AT4G02500.1,Golgi
AT4G10140.1,Golgi
AT4G12250.1,Golgi
AT4G12290.1,Golgi
AT4G14360.1,Golgi
AT4G18030.1,Golgi
AT4G19120.1,Golgi
AT4G24805.1,Golgi
AT4G32390.1,Golgi
AT4G33380.1,Golgi
AT4G33740.1,Golgi
AT4G34960.1,Golgi
AT4G36890.1,Golgi
AT4G37820.1,Golgi
AT4G38040.1,Golgi
AT4G38500.1,Golgi
AT5G04060.1,Golgi
AT5G04480.1,Golgi
AT5G10840.1,Golgi
AT5G11230.1,Golgi
AT5G11730.1,Golgi
AT5G12260.1,Golgi
AT5G13500.1,Golgi
AT5G14950.1,Golgi
AT5G15050.1,Golgi
AT5G16890.1,Golgi
AT5G19660.1,Golgi
AT5G20680.1,Golgi
AT5G23850.1,Golgi
AT5G25100.1,Golgi
AT5G25265.1,Golgi
AT5G28350.1,Golgi
AT5G35160.1,Golgi
AT5G35730.1,Golgi
AT5G37310.1,Golgi
AT5G53340.1,Golgi
AT5G61240.1,Golgi
AT5G61840.1,Golgi
AT5G67540.3,Golgi
AT1G08990.1,Golgi
AT1G10680.1,Golgi
AT1G13250.1,Golgi
AT1G14040.1,Golgi
AT1G21070.1,Golgi
AT1G21870.1,Golgi
AT1G54940.1,Golgi
AT1G55620._1,Golgi
AT2G13650.1,Golgi
AT2G18840.1,Golgi
AT2G38320.1,Golgi
AT2G47650.1,Golgi
AT3G02200.1,Golgi
AT3G28480.1,Golgi
AT3G50760.1,Golgi
AT3G51580.1,Golgi
AT3G62660.1,Golgi
AT4G01750.1,Golgi
AT4G09990.1,Golgi
AT4G20110.1,Golgi
AT4G35335.1,Golgi
AT4G37690.1,Golgi
AT4G39420.1,Golgi
AT5G05820.1,Golgi
AT5G11200.1,Golgi
AT5G18280.1,Golgi
AT5G20050.1,Golgi
AT5G25610.1,Golgi
AT5G26980.1,Golgi
AT5G42260.1,Golgi
AT5G59070.1,Golgi
AT2G40280.1,Golgi
AT5G66060.1,Golgi
AT2G40380.1,Golgi
AT5G64030.1,Golgi
AT2G43080.1,Golgi
AT5G47780.1,Golgi
AT5G39990.1,Golgi
AT1G20550.1,Golgi
AT4G38270.2,Golgi
AT1G20270.1,Golgi
AT3G56110.1,Golgi
AT5G14430.1,Golgi
AT1G77610.1,Golgi
AT2G35610.1,Golgi
AT1G30000.1,Golgi
AT3G58170.1,Golgi
AT1G53290.1,Golgi
AT3G18480.1,Golgi
AT1G18190.1,Golgi
AT3G55990.1,Golgi
AT4G33330.2,Golgi
AT3G18660.1,Golgi
AT2G37090.1,Golgi
AT1G77370.1,Golgi
AT3G06300.1,Golgi
AT1G18580.1,Golgi
AT3G15940.1,Golgi
AT5G40770.1,mitochondria
AT5G65720.1,mitochondria
AT4G37930.1,mitochondria
AT2G30970.1,mitochondria
AT3G23990.1,mitochondria
AT5G62050.1,mitochondria
AT5G58270.1,mitochondria
AT3G45300.1,mitochondria
AT5G46160.1,mitochondria
AT1G77750.1,mitochondria
AT5G67590.1,mitochondria
AT5G48030.1,mitochondria
AT1G51390.1,mitochondria
AT3G20970.1,mitochondria
AT3G15660.1,mitochondria
AT2G29990.1,mitochondria
AT4G28220.1,mitochondria
AT5G23140.1,mitochondria
AT2G04540.1,mitochondria
AT2G46110.1,mitochondria
AT5G09420.1,mitochondria
AT1G61870.1,mitochondria
AT4G11060.1,mitochondria
AT4G22220.1,mitochondria
AT2G43400.1,mitochondria
AT4G30930.1,mitochondria
AT1G17530.1,mitochondria
AT1G18320.1,mitochondria
AT1G20350.1,mitochondria
AT1G72750.1,mitochondria
AT3G25120.1,mitochondria
AT5G11690.1,mitochondria
AT4G16700.1,mitochondria
AT4G28630.1,mitochondria
AT4G29130.1,mitochondria
AT1G03860.1,mitochondria
AT2G20530.1,mitochondria
AT4G28510.1,mitochondria
AT3G07770.1,mitochondria
AT1G18600.1,mitochondria
AT2G20800.1,mitochondria
AT3G45770.1,mitochondria
AT4G11010.1,mitochondria
AT5G03290.1,mitochondria
AT3G07480.1,mitochondria
AT4G39660.1,mitochondria
AT1G24180.1,mitochondria
AT1G25380.1,mitochondria
AT2G22500.1,mitochondria
AT3G50930.1,mitochondria
AT5G09590.1,mitochondria
AT2G47510.1,mitochondria
AT4G36400.1,mitochondria
AT5G60960.1,mitochondria
AT1G21150.1,mitochondria
AT1G61960.1,mitochondria
AT1G61980.1,mitochondria
AT1G62010.1,mitochondria
AT1G62110.1,mitochondria
AT1G61990.1,mitochondria
AT1G53000.1,mitochondria
AT5G57490.1,mitochondria
AT5G15090.1,mitochondria
AT5G55610.1,mitochondria
AT1G08220.1,mitochondria
AT1G10270.1,mitochondria
AT1G14620.1,mitochondria
AT1G71850.1,mitochondria
AT2G15630.1,mitochondria
AT2G39120.1,mitochondria
AT3G19440.1,mitochondria
AT4G02820.1,mitochondria
AT4G14790.1,mitochondria
AT5G39710.1,mitochondria
AT5G39960.1,mitochondria
AT5G40660.1,mitochondria
AT5G54580.1,mitochondria
AT5G60730.1,mitochondria
AT4G12130.1,mitochondria
AT3G21390.2,mitochondria
AT5G48970.1,mitochondria
AT1G31760.1,mitochondria
AT3G48680.1,mitochondria
AT5G63510.1,mitochondria
AT1G50460.1,mitochondria
AT2G19860.1,mitochondria
AT4G26180.1,mitochondria
AT3G59280.2,mitochondria
AT5G27660.1,mitochondria
AT4G32060.1,mitochondria
AT3G13110.1,mitochondria
AT1G33360.1,mitochondria
AT1G45332.1,mitochondria
AT1G73940.1,mitochondria
AT2G33210.2,mitochondria
AT3G01790.1,mitochondria
AT3G08950.1,mitochondria
AT3G13160.1,mitochondria
AT3G48250.1,mitochondria
AT4G15640.2,mitochondria
AT4G26780.1,mitochondria
AT5G49840.1,mitochondria
AT5G53350.1,mitochondria
AT2G21870.1,mitochondria
AT3G46560.1,mitochondria
AT2G35010.1,mitochondria
AT2G03880.1,mitochondria
AT3G48000.1,mitochondria
AT4G37830.1,mitochondria
AT4G16800.1,mitochondria
AT1G01170.1,mitochondria
AT1G02370.1,mitochondria
AT1G03090.1,mitochondria
AT1G04590.2,mitochondria
AT1G04630.1,mitochondria
AT1G04985.1,mitochondria
AT1G06530.1,mitochondria
AT1G07210.1,mitochondria
AT1G07510.1,mitochondria
AT1G07830.1,mitochondria
AT1G08480.1,mitochondria
AT1G09300.1,mitochondria
AT1G09575.1,mitochondria
AT1G14980.1,mitochondria
AT1G15480.1,mitochondria
AT1G15810.1,mitochondria
AT1G15870.1,mitochondria
AT1G16000.1,mitochondria
AT1G16740.1,mitochondria
AT1G16870.1,mitochondria
AT1G18630.1,mitochondria
AT1G19140.2,mitochondria
AT1G19520.2,mitochondria
AT1G19580.1,mitochondria
AT1G20430.1,mitochondria
AT1G22450.1,mitochondria
AT1G22800.1,mitochondria
AT1G23800.1,mitochondria
AT1G24095.1,mitochondria
AT1G24340.1,mitochondria
AT1G26460.1,mitochondria
AT1G26750.1,mitochondria
AT1G28210.2,mitochondria
AT1G28510.1,mitochondria
AT1G31817.1,mitochondria
AT1G32580.1,mitochondria
AT1G34360.2,mitochondria
AT1G47260.1,mitochondria
AT1G47420.1,mitochondria
AT1G48030.1,mitochondria
AT1G50140.1,mitochondria
AT1G50400.1,mitochondria
AT1G50940.1,mitochondria
AT1G51610.1,mitochondria
AT1G51980.1,mitochondria
AT1G53240.1,mitochondria
AT1G53645.1,mitochondria
AT1G53760.1,mitochondria
AT1G54220.1,mitochondria
AT1G55160.2,mitochondria
AT1G55890.1,mitochondria
AT1G55900.1,mitochondria
AT1G56350.1,mitochondria
AT1G56560.1,mitochondria
AT1G57610.1,mitochondria
AT1G59900.1,mitochondria
AT1G60770.1,mitochondria
AT1G61640.1,mitochondria
AT1G62730.1,mitochondria
AT1G63070.1,mitochondria
AT1G63080.1,mitochondria
AT1G64880.1,mitochondria
AT1G65290.1,mitochondria
AT1G65540.1,mitochondria
AT1G67350.1,mitochondria
AT1G70190.1,mitochondria
AT1G71310.1,mitochondria
AT1G72170.1,mitochondria
AT1G72820.1,mitochondria
AT1G76200.1,mitochondria
AT1G79390.1,mitochondria
AT1G79440.1,mitochondria
AT1G80230.1,mitochondria
AT2G02050.1,mitochondria
AT2G03690.1,mitochondria
AT2G04940.1,mitochondria
AT2G07707.1,mitochondria
AT2G07727.1,mitochondria
AT2G07734.1,mitochondria
AT2G13560.1,mitochondria
AT2G14170.2,mitochondria
AT2G16460.1,mitochondria
AT2G16710.3,mitochondria
AT2G16930.2,mitochondria
AT2G17130.1,mitochondria
AT2G18330.1,mitochondria
AT2G18400.1,mitochondria
AT2G18520.1,mitochondria
AT2G19080.1,mitochondria
AT2G19490.1,mitochondria
AT2G19680.1,mitochondria
AT2G20060.1,mitochondria
AT2G20360.1,mitochondria
AT2G20420.1,mitochondria
AT2G20860.1,mitochondria
AT2G20940.1,mitochondria
AT2G23370.1,mitochondria
AT2G23890.1,mitochondria
AT2G25140.1,mitochondria
AT2G25570.1,mitochondria
AT2G26080.1,mitochondria
AT2G26140.1,mitochondria
AT2G26800.1,mitochondria
AT2G28430.1,mitochondria
AT2G29080.1,mitochondria
AT2G30720.1,mitochondria
AT2G31060.3,mitochondria
AT2G31140.1,mitochondria
AT2G31240.1,mitochondria
AT2G31490.1,mitochondria
AT2G31955.1,mitochondria
AT2G33220.1,mitochondria
AT2G33585.1,mitochondria
AT2G33820.1,mitochondria
AT2G34630.1,mitochondria
AT2G35120.1,mitochondria
AT2G35240.1,mitochondria
AT2G35370.1,mitochondria
AT2G35790.1,mitochondria
AT2G36070.1,mitochondria
AT2G37410.1,mitochondria
AT2G38400.2,mitochondria
AT2G38660.1,mitochondria
AT2G39795.1,mitochondria
AT2G40090.1,mitochondria
AT2G40765.1,mitochondria
AT2G42210.1,mitochondria
AT2G42310.1,mitochondria
AT2G42450.1,mitochondria
AT2G42710.1,mitochondria
AT2G43780.1,mitochondria
AT2G44065.1,mitochondria
AT2G44350.1,mitochondria
AT2G44525.1,mitochondria
AT2G44620.1,mitochondria
AT2G45060.1,mitochondria
AT2G46470.1,mitochondria
AT2G46505.1,mitochondria
AT2G47380.1,mitochondria
AT3G01740.1,mitochondria
AT3G01800.1,mitochondria
AT3G03060.1,mitochondria
AT3G03100.1,mitochondria
AT3G03600.1,mitochondria
AT3G06040.1,mitochondria
AT3G06050.1,mitochondria
AT3G06483.1,mitochondria
AT3G06850.1,mitochondria
AT3G07060.1,mitochondria
AT3G07568.1,mitochondria
AT3G10270.2,mitochondria
AT3G10370.1,mitochondria
AT3G10860.1,mitochondria
AT3G10920.1,mitochondria
AT3G12260.1,mitochondria
AT3G12650.1,mitochondria
AT3G13860.1,mitochondria
AT3G13930.1,mitochondria
AT3G15020.1,mitochondria
AT3G15090.1,mitochondria
AT3G15590.1,mitochondria
AT3G15640.1,mitochondria
AT3G16230.12,mitochondria
AT3G16700.1,mitochondria
AT3G17240.1,mitochondria
AT3G17300.1,mitochondria
AT3G17465.1,mitochondria
AT3G17910.1,mitochondria
AT3G18240.1,mitochondria
AT3G18410.1,mitochondria
AT3G18580.1,mitochondria
AT3G19740.1,mitochondria
AT3G20000.2,mitochondria
AT3G21400.1,mitochondria
AT3G22310.1,mitochondria
AT3G22330.1,mitochondria
AT3G22370.1,mitochondria
AT3G24200.2,mitochondria
AT3G26770.1,mitochondria
AT3G27080.1,mitochondria
AT3G27240.1,mitochondria
AT3G27340.1,mitochondria
AT3G27380.1,mitochondria
AT3G28700.1,mitochondria
AT3G30775.1,mitochondria
AT3G44370.1,mitochondria
AT3G45740.1,mitochondria
AT3G46430.1,mitochondria
AT3G47930.1,mitochondria
AT3G49080.1,mitochondria
AT3G49240.1,mitochondria
AT3G51010.1,mitochondria
AT3G51090.2,mitochondria
AT3G51790.1,mitochondria
AT3G52200.2,mitochondria
AT3G52300.1,mitochondria
AT3G52570.1,mitochondria
AT3G54980.1,mitochondria
AT3G55410.1,mitochondria
AT3G55605.1,mitochondria
AT3G56070.1,mitochondria
AT3G56430.1,mitochondria
AT3G57785.1,mitochondria
AT3G58840.1,mitochondria
AT3G59650.2,mitochondria
AT3G59760.1,mitochondria
AT3G61440.1,mitochondria
AT3G62530.1,mitochondria
AT3G62810.1,mitochondria
AT4G00026.1,mitochondria
AT4G00290.1,mitochondria
AT4G00570.1,mitochondria
AT4G00860.1,mitochondria
AT4G01660.1,mitochondria
AT4G02580.1,mitochondria
AT4G02930.1,mitochondria
AT4G04180.2,mitochondria
AT4G05400.1,mitochondria
AT4G08900.1,mitochondria
AT4G10040.1,mitochondria
AT4G11120.1,mitochondria
AT4G13850.1,mitochondria
AT4G15940.1,mitochondria
AT4G16450.1,mitochondria
AT4G17650.1,mitochondria
AT4G19540.1,mitochondria
AT4G20150.1,mitochondria
AT4G20930.1,mitochondria
AT4G21220.1,mitochondria
AT4G23620.1,mitochondria
AT4G26210.1,mitochondria
AT4G26410.1,mitochondria
AT4G26910.1,mitochondria
AT4G26965.1,mitochondria
AT4G27585.1,mitochondria
AT4G28360.1,mitochondria
AT4G28390.1,mitochondria
AT4G29480.1,mitochondria
AT4G30010.1,mitochondria
AT4G31460.1,mitochondria
AT4G31810.1,mitochondria
AT4G31930.1,mitochondria
AT4G32470.1,mitochondria
AT4G32605.1,mitochondria
AT4G33010.1,mitochondria
AT4G33140.1,mitochondria
AT4G34030.1,mitochondria
AT4G34310.1,mitochondria
AT4G35260.1,mitochondria
AT4G35490.1,mitochondria
AT4G35850.1,mitochondria
AT4G36680.1,mitochondria
AT4G37660.1,mitochondria
AT4G37910.1,mitochondria
AT4G38150.1,mitochondria
AT4G39690.1,mitochondria
AT4G39740.1,mitochondria
AT4G39880.1,mitochondria
AT5G02130.1,mitochondria
AT5G02740.1,mitochondria
AT5G04130.1,mitochondria
AT5G04750.1,mitochondria
AT5G05520.1,mitochondria
AT5G05990.1,mitochondria
AT5G06410.1,mitochondria
AT5G06580.1,mitochondria
AT5G07440.1,mitochondria
AT5G08040.1,mitochondria
AT5G08060.1,mitochondria
AT5G08270.1,mitochondria
AT5G08300.1,mitochondria
AT5G08530.1,mitochondria
AT5G08670.1,mitochondria
AT5G09840.1,mitochondria
AT5G10860.1,mitochondria
AT5G11770.1,mitochondria
AT5G12100.1,mitochondria
AT5G12290.1,mitochondria
AT5G13430.1,mitochondria
AT5G13450.1,mitochondria
AT5G13490.1,mitochondria
AT5G13610.1,mitochondria
AT5G14105.1,mitochondria
AT5G14580.1,mitochondria
AT5G14780.1,mitochondria
AT5G14820.1,mitochondria
AT5G15640.2,mitochondria
AT5G15910.1,mitochondria
AT5G15980.1,mitochondria
AT5G16930.1,mitochondria
AT5G18170.1,mitochondria
AT5G20080.1,mitochondria
AT5G20090.1,mitochondria
AT5G23200.1,mitochondria
AT5G23250.1,mitochondria
AT5G23300.1,mitochondria
AT5G24165.1,mitochondria
AT5G25940.1,mitochondria
AT5G26780.1,mitochondria
AT5G27395.1,mitochondria
AT5G27540.1,mitochondria
AT5G27820.1,mitochondria
AT5G37510.1,mitochondria
AT5G39600.1,mitochondria
AT5G39840.1,mitochondria
AT5G39900.1,mitochondria
AT5G40650.1,mitochondria
AT5G40810.1,mitochondria
AT5G40930.1,mitochondria
AT5G42150.1,mitochondria
AT5G43430.4,mitochondria
AT5G43970.1,mitochondria
AT5G44730.1,mitochondria
AT5G45590.1,mitochondria
AT5G46180.1,mitochondria
AT5G46800.1,mitochondria
AT5G47030.1,mitochondria
AT5G47320.1,mitochondria
AT5G47570.1,mitochondria
AT5G47890.1,mitochondria
AT5G49555.1,mitochondria
AT5G50370.1,mitochondria
AT5G50850.1,mitochondria
AT5G51220.1,mitochondria
AT5G51540.1,mitochondria
AT5G51740.2,mitochondria
AT5G52840.1,mitochondria
AT5G53650.1,mitochondria
AT5G54100.1,mitochondria
AT5G55070.1,mitochondria
AT5G55140.1,mitochondria
AT5G56090.1,mitochondria
AT5G57300.1,mitochondria
AT5G61030.1,mitochondria
AT5G61220.1,mitochondria
AT5G62530.1,mitochondria
AT5G63400.1,mitochondria
AT5G63620.1,mitochondria
AT5G64670.1,mitochondria
AT5G65750.1,mitochondria
AT5G66760.1,mitochondria
AT5G66860.1,mitochondria
AT5G67500.3,mitochondria
ATMG00070.1,mitochondria
ATMG00090.1,mitochondria
ATMG00160.1,mitochondria
ATMG00180.1,mitochondria
ATMG00285.1,mitochondria
ATMG00510.1,mitochondria
ATMG00640.1,mitochondria
ATMG00830.1,mitochondria
ATMG01120.1,mitochondria
ATMG01170.1,mitochondria
AT2G19520.1,nucleus
AT2G44950.1,nucleus
AT2G47580.1,nucleus
AT1G68790.1,nucleus
AT4G19150.2,nucleus
AT4G02060.1,nucleus
AT1G75660.1,nucleus
AT1G66260.1,nucleus
AT3G15010.1,nucleus
AT3G61860.1,nucleus
AT2G27040.1,nucleus
AT1G09140.1,nucleus
AT1G23860.1,nucleus
AT3G55460.1,nucleus
AT4G25500.1,nucleus
AT5G03740.1,nucleus
AT4G21670.1,nucleus
AT1G04510.2,nucleus
AT2G45640.1,nucleus
AT3G18600.1,nucleus
AT3G23620.1,nucleus
AT4G05410.1,nucleus
AT4G25210.1,nucleus
AT1G02140.1,nucleus
AT1G77180.1,nucleus
AT1G20960.1,nucleus
AT5G04280.1,nucleus
AT1G56110.1,nucleus
AT4G38130.1,nucleus
AT1G80680.1,nucleus
AT2G38560.1,nucleus
AT1G67580.1,nucleus
AT3G12280.1,nucleus
AT1G07360.1,nucleus
AT1G14850.1,nucleus
AT1G33410.1,nucleus
AT2G05120.2,nucleus
AT2G41620.1,nucleus
AT3G10650.1,nucleus
AT3G57350.1,nucleus
AT5G05680.1,nucleus
AT4G32910.1,nucleus
AT2G44510.1,nucleus
AT1G15780.3,nucleus
AT1G17070.1,nucleus
AT1G67230.1,nucleus
AT1G15910.1,nucleus
AT1G31970.1,nucleus
AT1G52930.1,nucleus
AT3G07050.1,nucleus
AT3G22520.1,nucleus
AT2G27840.1,nucleus
AT2G40360.1,nucleus
AT2G06510.1,nucleus
AT2G33730.1,nucleus
AT4G00390.1,nucleus
AT1G01350.1,nucleus
AT1G03140.1,nucleus
AT1G03910.1,nucleus
AT1G05910.1,nucleus
AT1G06670.1,nucleus
AT1G06720.2,nucleus
AT1G07980.1,nucleus
AT1G08260.1,nucleus
AT1G09770.1,nucleus
AT1G15420.2,nucleus
AT1G15440.1,nucleus
AT1G15940.1,nucleus
AT1G18850.1,nucleus
AT1G20920.1,nucleus
AT1G24190.1,nucleus
AT1G24706.1,nucleus
AT1G27900.1,nucleus
AT1G29940.1,nucleus
AT1G31360.1,nucleus
AT1G33680.1,nucleus
AT1G43850.1,nucleus
AT1G44780.1,nucleus
AT1G44900.1,nucleus
AT1G44910.1,nucleus
AT1G50300.1,nucleus
AT1G50920.1,nucleus
AT1G51450.1,nucleus
AT1G53720.1,nucleus
AT1G55250.5,nucleus
AT1G56290.1,nucleus
AT1G59760.1,nucleus
AT1G60620.1,nucleus
AT1G61730.1,nucleus
AT1G63210.1,nucleus
AT1G65440.1,nucleus
AT1G69070.1,nucleus
AT1G69770.1,nucleus
AT1G70060.1,nucleus
AT1G72440.1,nucleus
AT1G75510.1,nucleus
AT1G75560.1,nucleus
AT1G76880.1,nucleus
AT1G78650.1,nucleus
AT1G79150.1,nucleus
AT1G79730.1,nucleus
AT1G80070.1,nucleus
AT1G80810.2,nucleus
AT1G80930.1,nucleus
AT2G02160.1,nucleus
AT2G04880.1,nucleus
AT2G06210.1,nucleus
AT2G06990.1,nucleus
AT2G07690.1,nucleus
AT2G13370.1,nucleus
AT2G16440.1,nucleus
AT2G16485.2,nucleus
AT2G16860.1,nucleus
AT2G17410.1,nucleus
AT2G18220.1,nucleus
AT2G21440.1,nucleus
AT2G25170.3,nucleus
AT2G27170.1,nucleus
AT2G28290.1,nucleus
AT2G28600.1,nucleus
AT2G29210.1,nucleus
AT2G30800.1,nucleus
AT2G31970.1,nucleus
AT2G32910.1,nucleus
AT2G34357.1,nucleus
AT2G38810.1,nucleus
AT2G40650.1,nucleus
AT2G40930.1,nucleus
AT2G41500.1,nucleus
AT2G43770.1,nucleus
AT2G47620.1,nucleus
AT2G47640.1,nucleus
AT2G47980.1,nucleus
AT2G47990.1,nucleus
AT3G04680.1,nucleus
AT3G04740.1,nucleus
AT3G05070.1,nucleus
AT3G06010.1,nucleus
AT3G09670.1,nucleus
AT3G09720.1,nucleus
AT3G10530.1,nucleus
AT3G11964.2,nucleus
AT3G13940.1,nucleus
AT3G17740.1,nucleus
AT3G18035.1,nucleus
AT3G18610.3,nucleus
AT3G18790.1,nucleus
AT3G19840.1,nucleus
AT3G21540.1,nucleus
AT3G22170.1,nucleus
AT3G22220.1,nucleus
AT3G22320.1,nucleus
AT3G22660.1,nucleus
AT3G23325.1,nucleus
AT3G23900.1,nucleus
AT3G25840.1,nucleus
AT3G26560.1,nucleus
AT3G43240.1,nucleus
AT3G47120.1,nucleus
AT3G48430.1,nucleus
AT3G48670.1,nucleus
AT3G48710.1,nucleus
AT3G49430.1,nucleus
AT3G49600.1,nucleus
AT3G54170.1,nucleus
AT3G54610.1,nucleus
AT3G54670.1,nucleus
AT3G55220.1,nucleus
AT3G55510.1,nucleus
AT3G57150.1,nucleus
AT3G57660.1,nucleus
AT3G60360.1,nucleus
AT3G62310.1,nucleus
AT4G00990.1,nucleus
AT4G01560.1,nucleus
AT4G02020.1,nucleus
AT4G03430.1,nucleus
AT4G04940.1,nucleus
AT4G08310.1,nucleus
AT4G08350.1,nucleus
AT4G09980.1,nucleus
AT4G10710.1,nucleus
AT4G11560.1,nucleus
AT4G12610.1,nucleus
AT4G15900.1,nucleus
AT4G16630.1,nucleus
AT4G17330.3,nucleus
AT4G18610.1,nucleus
AT4G19610.1,nucleus
AT4G20400.1,nucleus
AT4G21110.1,nucleus
AT4G21710.1,nucleus
AT4G25340.1,nucleus
AT4G25730.1,nucleus
AT4G26630.1,nucleus
AT4G31880.1,nucleus
AT4G34430.1,nucleus
AT4G34910.1,nucleus
AT4G35800.1,nucleus
AT4G37120.1,nucleus
AT4G39680.1,nucleus
AT5G01400.1,nucleus
AT5G02530.1,nucleus
AT5G05210.1,nucleus
AT5G06160.1,nucleus
AT3G06860.1,peroxisome
AT3G04460.1,peroxisome
AT1G06460.1,peroxisome
AT1G01820.1,peroxisome
AT1G47750.1,peroxisome
AT2G45740.1,peroxisome
AT3G61070.1,peroxisome
AT4G35000.1,peroxisome
AT1G20510.1,peroxisome
AT1G60550.1,peroxisome
AT4G14430.1,peroxisome
AT5G41210.1,peroxisome
AT5G27520.1,peroxisome
AT3G05290.1,peroxisome
AT1G50510.1,peroxisome
AT2G27490.1,peroxisome
AT2G42490.1,peroxisome
AT4G16566.1,peroxisome
AT5G44250.1,peroxisome
AT1G20560.1,peroxisome
AT3G48170.1,peroxisome
AT5G16370.1,peroxisome
AT4G18360.1,peroxisome
AT5G47040.1,peroxisome
AT1G01710.1,peroxisome
AT1G20480.1,peroxisome
AT1G20630.1,peroxisome
AT1G49350.1,peroxisome
AT1G64850.1,peroxisome
AT1G70580.1,peroxisome
AT2G22780.1,peroxisome
AT2G35690.1,peroxisome
AT2G42790.1,peroxisome
AT3G06810.1,peroxisome
AT3G14130.1,peroxisome
AT3G51840.1,peroxisome
AT3G58750.1,peroxisome
AT4G04470.1,peroxisome
AT4G16760.1,peroxisome
AT4G29010.1,peroxisome
AT3G25500.1,PM
AT1G05570.1,PM
AT5G03520.1,PM
AT1G59610.1,PM
AT3G09740.1,PM
AT4G31540.1,PM
AT5G58430.1,PM
AT4G12420.1,PM
AT3G11820.1,PM
AT2G47000.1,PM
AT5G41610.1,PM
AT3G53420.1,PM
AT3G12360.2,PM
AT3G57530.1,PM
AT2G38290.1,PM
AT2G26300.1,PM
AT5G19450.1,PM
AT3G20410.1,PM
AT3G01290.1,PM
AT5G53130.1,PM
AT5G62740.1,PM
AT5G67470.1,PM
AT1G48240.1,PM
AT2G35190.1,PM
AT3G17440.1,PM
AT3G52400.1,PM
AT3G54140.1,PM
AT2G19110.1,PM
AT5G57110.1,PM
AT5G46330.1,PM
AT4G13510.1,PM
AT3G13530.1,PM
AT2G26650.1,PM
AT2G18960.1,PM
AT5G25250.1,PM
AT1G32090.1,PM
AT2G21050.1,PM
AT1G64060.1,PM
AT4G35230.1,PM
AT3G08710.1,PM
AT5G10020.1,PM
AT3G51370.1,PM
AT3G23750.1,PM
AT4G35790.1,PM
AT2G23980.2,PM
AT3G13380.1,PM
AT2G38940.1,PM
AT1G10180.1,PM
AT5G47910.1,PM
AT5G54110.1,PM
AT1G70940.1,PM
AT3G63080.1,PM
AT2G39660.1,PM
AT1G01540.2,PM
AT1G02520.1,PM
AT1G04780.1,PM
AT1G06700.1,PM
AT1G06840.1,PM
AT1G08820.1,PM
AT1G11050.1,PM
AT1G11130.1,PM
AT1G11260.1,PM
AT1G11960.1,PM
AT1G14870.1,PM
AT1G15530.1,PM
AT1G18180.1,PM
AT1G18670.1,PM
AT1G19110.1,PM
AT1G20780.1,PM
AT1G26150.1,PM
AT1G27190.1,PM
AT1G29750.2,PM
AT1G30360.1,PM
AT1G30440.1,PM
AT1G30570.1,PM
AT1G34210.1,PM
AT1G34300.1,PM
AT1G42470.1,PM
AT1G48210.1,PM
AT1G49730.2,PM
AT1G52310.1,PM
AT1G52540.1,PM
AT1G53050.1,PM
AT1G53730.2,PM
AT1G56140.1,PM
AT1G56145.2,PM
AT1G56230.1,PM
AT1G57680.1,PM
AT1G61380.1,PM
AT1G63500.1,PM
AT1G64760.1,PM
AT1G65240.1,PM
AT1G65730.1,PM
AT1G67720.1,PM
AT1G69850.1,PM
AT1G70520.1,PM
AT1G70530.1,PM
AT1G71110.1,PM
AT1G71890.1,PM
AT1G72500.1,PM
AT1G73080.1,PM
AT1G75640.1,PM
AT1G78200.1,PM
AT1G78610.1,PM
AT1G78880.1,PM
AT2G01680.1,PM
AT2G02220.1,PM
AT2G02480.1,PM
AT2G11520.1,PM
AT2G16250.1,PM
AT2G17120.1,PM
AT2G18730.1,PM
AT2G20850.1,PM
AT2G24230.1,PM
AT2G24360.1,PM
AT2G25790.1,PM
AT2G25800.1,PM
AT2G26730.1,PM
AT2G27060.1,PM
AT2G28070.1,PM
AT2G32450.1,PM
AT2G33580.1,PM
AT2G35350.1,PM
AT2G35620.1,PM
AT2G36380.1,PM
AT2G36910.1,PM
AT2G37050.3,PM
AT2G39360.1,PM
AT2G39480.2,PM
AT2G41410.1,PM
AT2G41705.1,PM
AT2G41820.1,PM
AT2G41830.1,PM
AT2G45820.1,PM
AT2G45960.3,PM
AT3G02740.1,PM
AT3G02880.1,PM
AT3G04010.1,PM
AT3G07390.1,PM
AT3G07540.1,PM
AT3G08510.1,PM
AT3G08680.1,PM
AT3G10980.1,PM
AT3G12740.1,PM
AT3G14350.1,PM
AT3G14840.1,PM
AT3G17410.1,PM
AT3G19300.1,PM
AT3G19930.1,PM
AT3G21630.1,PM
AT3G24550.1,PM
AT3G24660.1,PM
AT3G25070.1,PM
AT3G25290.1,PM
AT3G25610.1,PM
AT3G26700.1,PM
AT3G27390.1,PM
AT3G28450.1,PM
AT3G45600.1,PM
AT3G46290.1,PM
AT3G47730.1,PM
AT3G47780.1,PM
AT3G48760.1,PM
AT3G51550.1,PM
AT3G51670.1,PM
AT3G51740.1,PM
AT3G51850.1,PM
AT3G54200.1,PM
AT3G54290.1,PM
AT3G54700.1,PM
AT3G55320.1,PM
AT3G58690.1,PM
AT3G59110.1,PM
AT3G59350.6,PM
AT3G60330.1,PM
AT3G61260.1,PM
AT3G63260.1,PM
AT4G00340.1,PM
AT4G00430.1,PM
AT4G00710.1,PM
AT4G02010.1,PM
AT4G02600.1,PM
AT4G02630.1,PM
AT4G03390.1,PM
AT4G08850.1,PM
AT4G10730.1,PM
AT4G12980.1,PM
AT4G15080.1,PM
AT4G18760.1,PM
AT4G21390.2,PM
AT4G22130.1,PM
AT4G22290.1,PM
AT4G22730.2,PM
AT4G23270.3,PM
AT4G23470.1,PM
AT4G23720.1,PM
AT4G24290.1,PM
AT4G25240.1,PM
AT4G27270.1,PM
AT4G29900.1,PM
AT4G31140.1,PM
AT4G32300.1,PM
AT4G33700.1,PM
AT4G35470.1,PM
AT4G36180.1,PM
AT4G36750.1,PM
AT5G02290.1,PM
AT5G04930.1,PM
AT5G06530.2,PM
AT5G07910.1,PM
AT5G10290.1,PM
AT5G11680.1,PM
AT5G13000.1,PM
AT5G15350.1,PM
AT5G16000.1,PM
AT5G16590.1,PM
AT5G18500.1,PM
AT5G18610.1,PM
AT5G20480.1,PM
AT5G24010.1,PM
AT5G24430.1,PM
AT5G26340.1,PM
AT5G35735.1,PM
AT5G37710.1,PM
AT5G38990.1,PM
AT5G41260.1,PM
AT5G43470.1,PM
AT5G44290.1,PM
AT5G46570.1,PM
AT5G47520.1,PM
AT5G48380.1,PM
AT5G49760.1,PM
AT5G50020.1,PM
AT5G51480.1,PM
AT5G52990.1,PM
AT5G53310.1,PM
AT5G53320.1,PM
AT5G54380.1,PM
AT5G56460.1,PM
AT5G56890.1,PM
AT5G58090.1,PM
AT5G58150.1,PM
AT5G58480.1,PM
AT5G59010.1,PM
AT5G59700.1,PM
AT5G60270.1,PM
AT5G60300.1,PM
AT5G61740.1,PM
AT5G61900.1,PM
AT5G62670.1,PM
AT5G64410.1,PM
AT5G65687.1,PM
AT5G67200.1,PM
AT5G03040.1,PM
AT5G07300.1,PM
AT3G03560.1,PM
AT4G28600.1,PM
AT5G14720.1,PM
AT5G64090.1,PM
AT3G47950.1,PM
AT3G03530.1,PM
AT2G26570.1,PM
AT5G66200.1,PM
AT2G20050.2,PM
AT1G06470.1,TGN
AT3G11420.1,TGN
AT1G55620.1,TGN
AT2G04305.1,TGN
AT2G46060.3,TGN
AT4G30260.2,TGN
AT2G20780.1,TGN
AT5G42090.1,TGN
AT3G09570.1,TGN
AT2G45010.1,TGN
AT5G50420.1,TGN
AT1G26670.1,TGN
AT2G02860.1,TGN
AT3G13050.1,TGN
AT3G50050.1,TGN
AT1G25570.1,TGN
AT1G28490.1,TGN
AT5G44790.1,TGN
AT5G54830.1,TGN
AT4G02195.1,TGN
AT1G61670.1,TGN
AT4G21700.1,TGN
AT1G28340.1,TGN
AT1G53840.1,TGN
AT2G28520.1,TGN
AT3G16785.4,TGN
AT1G30450.1,TGN
AT4G20110.2,TGN
AT3G62370.1,TGN
AT1G52780.1,TGN
AT5G20350.1,TGN
AT3G52850.1,TGN
AT2G14720.1,TGN
AT4G12650.1,TGN
AT1G09645.1,TGN
AT1G04260.1,TGN
AT3G15480.1,TGN
AT2G39450.1,TGN
AT5G26240.1,TGN
AT5G43100.1,TGN
AT5G39510.1,vacuole
AT5G46860.1,vacuole
AT1G16240.1,vacuole
AT4G32150.1,vacuole
AT1G31480.1,vacuole
AT5G49890.1,vacuole
AT2G41560.1,vacuole
AT1G32400.1,vacuole
AT2G38020.1,vacuole
AT1G30400.1,vacuole
AT1G79590.3,vacuole
AT5G11150.2,vacuole
AT2G21410.1,vacuole
AT4G39080.1,vacuole
AT5G39040.1,vacuole
AT4G21540.1,vacuole
AT3G51390.1,vacuole
AT1G15690.1,vacuole
AT1G43620.1,vacuole
AT1G64330.1,vacuole
AT1G65320.1,vacuole
AT2G02040.1,vacuole
AT2G34660.1,vacuole
AT2G43070.3,vacuole
AT3G01100.4,vacuole
AT3G01390.1,vacuole
AT3G21690.1,vacuole
AT3G57330.1,vacuole
AT3G62700.1,vacuole
AT4G02620.1,vacuole
AT4G03560.1,vacuole
AT4G33530.1,vacuole
AT4G35300.5,vacuole
AT4G38640.1,vacuole
AT5G09400.1,vacuole
AT5G52450.1,vacuole
AT5G10770.1,extracellular
AT2G38380.1,extracellular
AT3G50990.1,extracellular
AT2G31085.1,extracellular
AT5G12990.1,extracellular
AT2G21140.1,extracellular
AT4G30270.1,extracellular
AT2G06850.1,extracellular
AT5G19730.1,extracellular
AT5G57530.1,extracellular
AT3G13790.1,extracellular
AT4G30610.1,extracellular
AT3G49110.1,extracellular
AT1G28290.1,extracellular
AT2G18660.1,extracellular
AT1G48930.1,extracellular
AT2G47670.1,extracellular
AT1G34245.1,extracellular
AT2G20875.1,extracellular
AT4G12970.1,extracellular
AT5G62080.1,extracellular
AT5G14380.1,extracellular
AT3G26610.1,extracellular
AT5G24090.1,extracellular
AT3G19390.1,extracellular
AT5G55460.1,extracellular
AT1G70370.1,extracellular
AT3G14310.1,extracellular
AT4G25260.1,extracellular
AT5G07550.1,extracellular
AT4G02270.1,extracellular
AT2G14610.1,extracellular
AT1G33600.1,extracellular
AT3G16530.1,extracellular
AT3G15720.1,extracellular
AT1G03220.1,extracellular
AT4G16260.2,extracellular
AT1G10550.1,extracellular
AT5G03350.1,extracellular
AT5G02260.1,extracellular
AT1G78060.1,extracellular
AT3G32980.1,extracellular
AT1G76020.1,extracellular
AT3G44100.1,extracellular
AT3G22060.1,extracellular
AT3G07470.1,extracellular
AT3G10740.1,extracellular
AT2G28100.1,extracellular
AT3G16850.1,extracellular
AT5G23210.1,extracellular
AT4G08780.1,extracellular
AT1G55120.1,extracellular
AT1G07080.1,extracellular
AT5G19860.1,extracellular
AT2G04690.1,extracellular
AT4G29700.1,extracellular
AT1G15000.1,extracellular
AT1G74210.1,extracellular
AT3G62110.1,extracellular
AT4G30810.1,extracellular
AT5G12950.1,extracellular
AT3G14920.1,extracellular
AT1G21680.1,extracellular
AT5G64260.1,extracellular
AT2G39700.1,extracellular
AT3G45970.2,extracellular
AT1G74000.1,extracellular
AT3G01190.1,extracellular
AT5G05340.1,extracellular
AT1G53070.1,extracellular
AT4G37800.1,extracellular
AT5G65730.1,extracellular
AT5G13870.1,extracellular
AT4G34180.1,extracellular
AT5G06870.1,extracellular
AT3G15356.1,extracellular
AT5G23400.1,extracellular
AT2G18150.1,extracellular
AT4G25810.1,extracellular
AT5G06860.1,extracellular
AT4G08950.1,extracellular
AT4G19410.1,extracellular
AT3G54420.1,extracellular
AT4G36350.1,extracellular
AT2G18140.1,extracellular
AT4G24890.1,extracellular
AT5G63810.1,extracellular
AT5G44380.1,extracellular
AT4G36430.1,extracellular
AT4G01700.1,extracellular
AT5G21105.1,extracellular
AT5G18860.1,extracellular
AT5G67360.1,extracellular
AT5G64570.1,extracellular
AT1G01900.1,extracellular
AT3G18080.1,extracellular
AT5G08380.1,extracellular
AT1G65870.1,extracellular
AT5G27430.1,extracellular
AT4G11310.1,extracellular
AT4G33810.1,extracellular
AT1G78860.1,extracellular
AT1G20190.1,extracellular
AT1G17860.1,extracellular
AT1G21670.1,extracellular
AT4G19810.1,extracellular
AT1G28600.1,extracellular
AT3G57240.1,extracellular
AT5G44400.1,extracellular
AT2G34930.1,extracellular
AT2G46740.1,extracellular
AT4G14940.1,extracellular
AT5G38930.1,extracellular
AT5G63800.1,extracellular
AT3G26380.1,extracellular
AT4G23500.1,extracellular
AT5G42240.1,extracellular
AT3G55430.1,extracellular
AT5G38940.1,extracellular
AT1G47960.1,extracellular
AT3G19620.1,extracellular
AT5G47550.1,extracellular
AT2G28470.1,extracellular
AT3G13750.1,extracellular
AT2G04750.1,extracellular
AT1G62070.1,extracellular
AT1G77410.1,extracellular
AT2G01850.1,extracellular
AT2G19150.1,extracellular
AT2G33160.1,extracellular
AT2G47030.1,extracellular
AT3G57270.1,extracellular
AT4G09740.1,extracellular
AT5G03620.1,extracellular
AT5G22980.1,extracellular
AT5G59130.1,extracellular
AT4G12880.1,extracellular
AT1G20160.1,extracellular
AT4G24780.1,extracellular
AT5G48900.1,extracellular
AT1G49570.1,extracellular
AT5G06720.1,extracellular
AT1G02790.1,extracellular
AT1G08210.1,extracellular
AT1G32960.1,extracellular
AT1G62440.1,extracellular
AT4G15800.1,extracellular
AT4G16563.1,extracellular
AT4G38420.1,extracellular
AT5G14450.1,extracellular
AT3G07320.1,extracellular
AT1G69530.1,extracellular
AT4G13340.1,extracellular
AT1G53830.1,extracellular
AT1G65310.1,extracellular
AT5G42180.1,extracellular
AT5G18470.1,extracellular
AT1G01300.1,extracellular
AT1G80240.1,extracellular
AT1G44130.1,extracellular
AT1G55330.1,extracellular
AT1G79680.1,extracellular
AT2G46330.1,extracellular
AT3G05610.1,extracellular
AT3G13520.1,extracellular
AT3G20580.1,extracellular
AT3G20865.1,extracellular
AT3G42160.1,extracellular
AT3G48580.1,extracellular
AT3G57690.1,extracellular
AT3G61640.1,extracellular
AT4G16220.1,extracellular
AT4G26320.1,extracellular
AT4G33230.1,extracellular
AT5G11740.1,extracellular
AT5G24105.1,extracellular
AT5G41870.1,extracellular
AT5G44390.1,extracellular
AT5G53250.1,extracellular
AT5G56540.1,extracellular
AT5G64620.1,extracellular
AT2G47050.1,extracellular
AT5G06230.3,extracellular
AT5G51260.1,extracellular
AT2G05580.1,extracellular
AT2G34700.1,extracellular
AT5G12940.1,extracellular
AT2G30210.1,extracellular
AT5G66390.1,extracellular
AT3G43270.1,extracellular
AT3G22640.1,extracellular
AT1G18970.1,extracellular
AT4G29270.1,extracellular
AT1G02335.1,extracellular
AT3G25700.1,extracellular
AT4G33220.1,extracellular
AT4G18670.1,extracellular
AT1G13750.1,extracellular
AT4G23690.1,extracellular
AT3G47800.1,extracellular
AT2G04160.1,extracellular
AT1G30730.1,extracellular
AT1G73620.1,extracellular
AT2G02850.1,extracellular
AT5G53370.1,extracellular
AT4G18970.1,extracellular
AT3G14040.1,extracellular
AT2G15130.1,extracellular
AT4G34480.1,extracellular
AT1G02360.1,extracellular
AT1G61820.1,extracellular
AT2G15220.1,extracellular
AT2G43535.1,extracellular
AT4G11650.1,extracellular
AT4G37530.1,extracellular
AT5G59320.1,extracellular
AT5G57560.1,extracellular
AT5G14920.1,extracellular
AT2G37640.1,extracellular
AT2G40610.1,extracellular
AT5G48540.1,extracellular
AT1G78820.1,extracellular
AT1G14550.1,extracellular
AT1G25230.1,extracellular
AT1G33610.1,extracellular
AT2G38390.1,extracellular
AT3G07130.1,extracellular
AT3G45310.1,extracellular
AT4G11290.1,extracellular
AT5G19110.1,extracellular
AT5G39120.1,extracellular
AT5G42500.1,extracellular
AT1G05260.1,extracellular
AT1G14210.1,extracellular
AT3G02110.1,extracellular
AT3G20570.1,extracellular
AT3G63470.1,extracellular
AT5G66590.1,extracellular
AT3G48460.1,extracellular
AT5G20740.1,extracellular
AT2G19170.1,extracellular
AT5G44530.1,extracellular
AT1G30600.1,extracellular
AT1G32940.1,extracellular
AT4G20430.1,extracellular
AT4G21650.1,extracellular
AT4G30020.1,extracellular
AT4G23170.1,extracellular
AT5G10760.1,extracellular
AT3G52840.1,extracellular
AT1G02810.1,extracellular
AT1G05310.1,extracellular
AT1G05660.1,extracellular
AT1G05700.1,extracellular
AT1G09880.1,extracellular
AT1G14185.1,extracellular
AT1G14220.1,extracellular
AT1G14540.1,extracellular
AT1G18980.1,extracellular
AT1G30720.1,extracellular
AT1G45015.1,extracellular
AT1G51470.1,extracellular
AT1G52060.1,extracellular
AT1G53940.1,extracellular
AT1G56680.1,extracellular
AT1G61750.1,extracellular
AT1G62770.1,extracellular
AT1G62810.1,extracellular
AT1G64160.1,extracellular
AT1G65680.1,extracellular
AT1G67750.1,extracellular
AT1G73280.1,extracellular
AT2G03090.1,extracellular
AT2G03450.1,extracellular
AT2G16005.1,extracellular
AT2G19060.1,extracellular
AT2G23630.1,extracellular
AT2G33790.1,extracellular
AT2G35770.1,extracellular
AT2G39518.1,extracellular
AT2G41810.1,extracellular
AT2G43480.1,extracellular
AT2G46750.1,extracellular
AT2G47550.1,extracellular
AT3G02885.1,extracellular
AT3G04320.1,extracellular
AT3G04720.1,extracellular
AT3G05950.1,extracellular
AT3G09220.1,extracellular
AT3G10720.1,extracellular
AT3G12240.1,extracellular
AT3G13650.1,extracellular
AT3G22800.1,extracellular
AT3G27950.1,extracellular
AT3G48340.1,extracellular
AT3G49330.1,extracellular
AT3G50400.1,extracellular
AT3G51350.1,extracellular
AT3G52820.1,extracellular
AT3G56060.1,extracellular
AT3G60130.1,extracellular
AT3G62280.1,extracellular
AT4G01630.1,extracellular
AT4G02330.1,extracellular
AT4G06744.1,extracellular
AT4G10540.1,extracellular
AT4G11190.1,extracellular
AT4G11210.1,extracellular
AT4G24340.1,extracellular
AT4G28940.1,extracellular
AT4G29690.1,extracellular
AT4G33720.1,extracellular
AT4G37160.1,extracellular
AT5G01800.1,extracellular
AT5G01930.1,extracellular
AT5G04970.1,extracellular
AT5G07360.1,extracellular
AT5G10130.1,extracellular
AT5G14650.1,extracellular
AT5G15180.1,extracellular
AT5G24070.1,extracellular
AT5G26130.1,extracellular
AT5G26670.1,extracellular
AT5G36180.1,extracellular
AT5G39100.1,extracellular
AT5G39110.1,extracellular
AT5G39160.1,extracellular
AT5G42510.1,extracellular
AT5G48430.1,extracellular
AT5G50400.1,extracellular
AT5G56320.1,extracellular
AT5G63660.1,extracellular
AT5G63140.1,extracellular
AT1G04680.1,extracellular
AT1G55210.1,extracellular
AT1G80170.1,extracellular
AT2G27920.1,extracellular
AT2G43050.1,extracellular
AT2G43590.1,extracellular
AT3G03670.1,extracellular
AT4G02290.1,extracellular
AT4G28250.1,extracellular
AT5G03610.1,extracellular
AT5G05960.1,extracellular
AT5G62350.1,extracellular
AT3G07990.1,extracellular
AT3G05910.1,extracellular
AT4G39640.1,extracellular
AT4G30280.1,extracellular
AT1G47600.1,extracellular
AT5G42720.1,extracellular
AT1G23210.1,extracellular
AT1G62000.1,extracellular
AT1G62060.1,extracellular
AT1G62080.1,extracellular
AT1G62220.1,extracellular
AT3G04150.1,extracellular
AT3G04170.1,extracellular
AT3G04190.1,extracellular
AT3G04200.1,extracellular
AT4G15735.1,extracellular
AT4G23560.1,extracellular
AT4G26790.1,extracellular
AT4G28780.1,extracellular
AT5G39190.1,extracellular
AT5G45670.1,extracellular
AT1G05835.1,extracellular
AT1G10640.1,extracellular
AT1G21860.1,extracellular
AT1G29050.1,extracellular
AT1G45130.1,extracellular
AT1G53080.1,extracellular
AT1G56100.1,extracellular
AT1G67830.1,extracellular
AT1G78040.1,extracellular
AT2G29130.1,extracellular
AT2G35860.1,extracellular
AT3G04290.1,extracellular
AT3G05180.1,extracellular
AT3G07830.1,extracellular
AT3G08770.1,extracellular
AT3G10450.2,extracellular
AT3G28830.1,extracellular
AT3G53980.1,extracellular
AT3G59010.1,extracellular
AT3G59510.1,extracellular
AT3G61490.1,extracellular
AT3G62820.1,extracellular
AT4G12890.1,extracellular
AT4G12960.1,extracellular
AT4G15750.1,extracellular
AT4G21630.1,extracellular
AT4G23820.1,extracellular
AT4G24350.1,extracellular
AT4G29240.1,extracellular
AT4G33355.1,extracellular
AT4G38400.1,extracellular
AT4G38770.1,extracellular
AT5G09730.1,extracellular
AT5G39280.1,extracellular
AT5G45950.1,extracellular
AT5G47350.1,extracellular
AT5G49180.1,extracellular
AT5G54570.1,extracellular
AT5G59310.1,extracellular
AT5G63180.1,extracellular
AT3G16370.1,extracellular
AT5G08260.1,extracellular
AT5G59845.1,extracellular
AT2G39850.1,extracellular
AT1G12570.1,extracellular
AT2G43620.1,extracellular
AT5G51750.1,extracellular
AT1G21310.1,extracellular
AT2G43150.1,extracellular
AT3G24130.1,extracellular
AT3G47400.1,extracellular
AT4G17030.1,extracellular
AT4G25820.1,extracellular
AT3G06830.1,extracellular
AT3G14300.1,extracellular
AT1G11545.1,extracellular
AT5G41520.1,cytosolic ribosomes
AT5G52650.1,cytosolic ribosomes
AT3G48930.1,cytosolic ribosomes
AT4G30800.1,cytosolic ribosomes
AT5G23740.1,cytosolic ribosomes
AT1G15930.1,cytosolic ribosomes
AT2G32060.1,cytosolic ribosomes
AT3G60770.1,cytosolic ribosomes
AT4G00100.1,cytosolic ribosomes
AT2G36160.1,cytosolic ribosomes
AT3G11510.1,cytosolic ribosomes
AT3G52580.1,cytosolic ribosomes
AT1G04270.1,cytosolic ribosomes
AT5G09490.1,cytosolic ribosomes
AT5G09500.1,cytosolic ribosomes
AT5G09510.1,cytosolic ribosomes
AT5G43640.1,cytosolic ribosomes
AT5G63070.1,cytosolic ribosomes
AT1G33850.1,cytosolic ribosomes
AT1G07770.1,cytosolic ribosomes
AT2G19720.1,cytosolic ribosomes
AT2G39590.1,cytosolic ribosomes
AT3G46040.1,cytosolic ribosomes
AT4G29430.1,cytosolic ribosomes
AT5G59850.1,cytosolic ribosomes
AT2G09990.1,cytosolic ribosomes
AT3G04230.1,cytosolic ribosomes
AT5G18380.1,cytosolic ribosomes
AT2G04390.1,cytosolic ribosomes
AT2G05220.1,cytosolic ribosomes
AT3G10610.1,cytosolic ribosomes
AT5G04800.1,cytosolic ribosomes
AT1G22780.1,cytosolic ribosomes
AT1G34030.1,cytosolic ribosomes
AT4G09800.1,cytosolic ribosomes
AT3G02080.1,cytosolic ribosomes
AT5G15520.1,cytosolic ribosomes
AT5G61170.1,cytosolic ribosomes
AT1G58380.1,cytosolic ribosomes
AT1G59359.1,cytosolic ribosomes
AT2G41840.1,cytosolic ribosomes
AT3G57490.1,cytosolic ribosomes
AT1G58684.1,cytosolic ribosomes
AT1G58983.1,cytosolic ribosomes
AT3G45030.1,cytosolic ribosomes
AT3G47370.1,cytosolic ribosomes
AT5G62300.1,cytosolic ribosomes
AT3G53890.1,cytosolic ribosomes
AT5G27700.1,cytosolic ribosomes
AT3G09680.1,cytosolic ribosomes
AT5G02960.1,cytosolic ribosomes
AT3G04920.2,cytosolic ribosomes
AT5G28060.1,cytosolic ribosomes
AT2G16360.1,cytosolic ribosomes
AT2G21580.2,cytosolic ribosomes
AT4G39200.2,cytosolic ribosomes
AT4G34555.1,cytosolic ribosomes
AT2G40510.1,cytosolic ribosomes
AT2G40590.1,cytosolic ribosomes
AT3G56340.1,cytosolic ribosomes
AT3G61110.1,cytosolic ribosomes
AT2G45710.1,cytosolic ribosomes
AT5G47930.1,cytosolic ribosomes
AT1G23410.1,cytosolic ribosomes
AT2G47110.1,cytosolic ribosomes
AT3G62250.1,cytosolic ribosomes
AT3G10090.1,cytosolic ribosomes
AT5G03850.1,cytosolic ribosomes
AT5G64140.1,cytosolic ribosomes
AT3G43980.1,cytosolic ribosomes
AT3G44010.1,cytosolic ribosomes
AT4G33865.1,cytosolic ribosomes
AT2G31610.1,cytosolic ribosomes
AT3G53870.1,cytosolic ribosomes
AT5G35530.1,cytosolic ribosomes
AT2G19750.1,cytosolic ribosomes
AT4G29390.1,cytosolic ribosomes
AT5G56670.1,cytosolic ribosomes
AT3G04840.1,cytosolic ribosomes
AT4G34670.1,cytosolic ribosomes
AT2G17360.1,cytosolic ribosomes
AT5G07090.1,cytosolic ribosomes
AT5G58420.1,cytosolic ribosomes
AT2G37270.1,cytosolic ribosomes
AT3G11940.1,cytosolic ribosomes
AT4G31700.1,cytosolic ribosomes
AT5G10360.1,cytosolic ribosomes
AT1G48830.1,cytosolic ribosomes
AT3G02560.1,cytosolic ribosomes
AT5G16130.1,cytosolic ribosomes
AT5G20290.1,cytosolic ribosomes
AT5G59240.1,cytosolic ribosomes
AT5G15200.1,cytosolic ribosomes
AT5G39850.1,cytosolic ribosomes
AT5G15750.1,cytosolic ribosomes
AT1G72370.2,cytosolic ribosomes
AT3G04770.1,cytosolic ribosomes
AT2G40010.1,cytosolic ribosomes
AT3G09200.1,cytosolic ribosomes
AT3G11250.1,cytosolic ribosomes
AT1G25260.1,cytosolic ribosomes
AT1G01100.1,cytosolic ribosomes
AT4G00810.1,cytosolic ribosomes
AT5G47700.1,cytosolic ribosomes
AT3G49460.1,cytosolic ribosomes
AT5G24510.1,cytosolic ribosomes
AT2G27720.1,cytosolic ribosomes
AT2G27710.1,cytosolic ribosomes
AT3G28500.1,cytosolic ribosomes
AT3G44590.1,cytosolic ribosomes
AT5G40040.1,cytosolic ribosomes
AT4G25890.1,cytosolic ribosomes
AT5G57290.1,cytosolic ribosomes
AT1G14320.1,cytosolic ribosomes
AT1G26910.1,cytosolic ribosomes
AT1G66580.1,cytosolic ribosomes
AT1G08360.1,cytosolic ribosomes
AT2G27530.1,cytosolic ribosomes
AT5G22440.1,cytosolic ribosomes
AT2G27535.1,cytosolic ribosomes
AT2G42740.1,cytosolic ribosomes
AT3G58700.1,cytosolic ribosomes
AT4G18730.1,cytosolic ribosomes
AT5G45775.1,cytosolic ribosomes
AT2G37190.1,cytosolic ribosomes
AT3G53430.1,cytosolic ribosomes
AT5G60670.1,cytosolic ribosomes
AT3G49010.1,cytosolic ribosomes
AT3G48960.1,cytosolic ribosomes
AT5G23900.1,cytosolic ribosomes
AT3G07110.1,cytosolic ribosomes
AT3G24830.1,cytosolic ribosomes
AT4G13170.1,cytosolic ribosomes
AT5G48760.1,cytosolic ribosomes
AT2G20450.1,cytosolic ribosomes
AT4G27090.1,cytosolic ribosomes
AT4G16720.1,cytosolic ribosomes
AT4G17390.1,cytosolic ribosomes
AT1G27400.1,cytosolic ribosomes
AT1G67430.1,cytosolic ribosomes
AT2G47570.1,cytosolic ribosomes
AT3G05590.1,cytosolic ribosomes
AT5G27850.1,cytosolic ribosomes
AT1G29965.1,cytosolic ribosomes
AT2G34480.1,cytosolic ribosomes
AT3G14600.1,cytosolic ribosomes
AT1G02780.1,cytosolic ribosomes
AT3G16780.1,cytosolic ribosomes
AT4G02230.1,cytosolic ribosomes
AT4G16030.1,cytosolic ribosomes
AT1G09590.1,cytosolic ribosomes
AT1G09690.1,cytosolic ribosomes
AT1G57660.1,cytosolic ribosomes
AT1G57860.1,cytosolic ribosomes
AT1G02830.1,cytosolic ribosomes
AT3G05560.1,cytosolic ribosomes
AT5G27770.1,cytosolic ribosomes
AT1G04480.1,cytosolic ribosomes
AT2G33370.1,cytosolic ribosomes
AT3G04400.1,cytosolic ribosomes
AT2G39460.1,cytosolic ribosomes
AT3G55280.1,cytosolic ribosomes
AT2G36620.1,cytosolic ribosomes
AT3G53020.1,cytosolic ribosomes
AT2G44860.1,cytosolic ribosomes
AT3G49910.1,cytosolic ribosomes
AT5G67510.1,cytosolic ribosomes
AT2G32220.1,cytosolic ribosomes
AT3G22230.1,cytosolic ribosomes
AT4G15000.1,cytosolic ribosomes
AT1G12960.1,cytosolic ribosomes
AT1G23290.1,cytosolic ribosomes
AT1G70600.1,cytosolic ribosomes
AT2G19730.1,cytosolic ribosomes
AT4G29410.1,cytosolic ribosomes
AT3G06700.1,cytosolic ribosomes
AT3G06680.2,cytosolic ribosomes
AT1G43170.1,cytosolic ribosomes
AT1G61580.1,cytosolic ribosomes
AT1G36240.1,cytosolic ribosomes
AT1G77940.1,cytosolic ribosomes
AT3G18740.1,cytosolic ribosomes
AT2G19740.1,cytosolic ribosomes
AT4G26230.1,cytosolic ribosomes
AT5G56710.1,cytosolic ribosomes
AT4G18100.1,cytosolic ribosomes
AT5G46430.1,cytosolic ribosomes
AT1G26880.1,cytosolic ribosomes
AT1G69620.1,cytosolic ribosomes
AT3G28900.1,cytosolic ribosomes
AT3G09500.1,cytosolic ribosomes
AT2G39390.1,cytosolic ribosomes
AT3G55170.1,cytosolic ribosomes
AT5G02610.1,cytosolic ribosomes
AT1G07070.1,cytosolic ribosomes
AT1G41880.1,cytosolic ribosomes
AT1G74270.1,cytosolic ribosomes
AT3G55750.1,cytosolic ribosomes
AT2G37600.1,cytosolic ribosomes
AT3G53740.1,cytosolic ribosomes
AT5G02450.1,cytosolic ribosomes
AT3G23390.1,cytosolic ribosomes
AT4G14320.1,cytosolic ribosomes
AT1G15250.1,cytosolic ribosomes
AT1G52300.1,cytosolic ribosomes
AT3G16080.1,cytosolic ribosomes
AT3G10950.1,cytosolic ribosomes
AT3G60245.1,cytosolic ribosomes
AT2G43460.1,cytosolic ribosomes
AT3G59540.1,cytosolic ribosomes
AT2G25210.1,cytosolic ribosomes
AT3G02190.1,cytosolic ribosomes
AT4G31985.1,cytosolic ribosomes
AT3G09630.1,cytosolic ribosomes
AT5G02870.1,cytosolic ribosomes
AT2G36170.1,cytosolic ribosomes
AT3G52590.1,cytosolic ribosomes
AT2G40205.1,cytosolic ribosomes
AT3G08520.1,cytosolic ribosomes
AT3G11120.1,cytosolic ribosomes
AT3G56020.1,cytosolic ribosomes
AT3G25520.1,cytosolic ribosomes
AT5G39740.1,cytosolic ribosomes
AT1G18540.1,cytosolic ribosomes
AT1G74060.1,cytosolic ribosomes
AT1G74050.1,cytosolic ribosomes
AT1G80750.1,cytosolic ribosomes
AT2G01250.1,cytosolic ribosomes
AT2G44120.1,cytosolic ribosomes
AT3G13580.1,cytosolic ribosomes
AT2G47610.1,cytosolic ribosomes
AT3G62870.1,cytosolic ribosomes
AT2G18020.1,cytosolic ribosomes
AT3G51190.1,cytosolic ribosomes
AT4G36130.1,cytosolic ribosomes
AT1G33120.1,cytosolic ribosomes
AT1G33140.1,cytosolic ribosomes
AT4G10450.1,cytosolic ribosomes
AT1G18080.1,cytosolic ribosomes
AT1G48630.1,cytosolic ribosomes
AT3G18130.1,cytosolic ribosomes
